Municipio,Departamento,Primer aval 2011,Primer aval 2015
Leticia,Amazonas,CR,CD
Puerto Nariño,Amazonas,PC,CD
Murindó,Antioquia,Afrovides,ASI
San Andrés de Cuerquia,Antioquia,Afrovides,PC
El Bagre,Antioquia,Aico,OC
San Carlos,Antioquia,Aico,OC
Vigía del Fuerte,Antioquia,Aico,PL
Carmen de Viboral,Antioquia,ASI,ASI
San José de la Montaña,Antioquia,ASI,ASI
Caramanta,Antioquia,ASI,AV
Ciudad Bolívar,Antioquia,ASI,CD
Rionegro,Antioquia,ASI,CD
Campamento,Antioquia,ASI,PL
Necoclí,Antioquia,ASI,PL
Yondó,Antioquia,AV,OC
Angostura,Antioquia,AV,PC
Bello,Antioquia,PC,PC
Anzá,Antioquia,CR,CD
Concepción,Antioquia,CR,CD
Liborina,Antioquia,CR,CD
San Rafael,Antioquia,CR,CD
Santa Rosa de Osos,Antioquia,CR,CD
Puerto Nare,Antioquia,CR,CR
Nechí,Antioquia,CR,OC
Betulia,Antioquia,CR,PC
Caucasia,Antioquia,CR,PC
Gómez Plata,Antioquia,CR,PC
Granada,Antioquia,CR,PC
Jericó,Antioquia,CR,PC
San Francisco,Antioquia,CR,PC
La Pintada,Antioquia,CR,PL
Tarazá,Antioquia,CR,PL
Jardín,Antioquia,Firmas,PC
Turbo,Antioquia,Firmas,Firmas
Segovia,Antioquia,Firmas,PC
Guatapé,Antioquia,Firmas,CD
Copacabana,Antioquia,MIO,U
La Ceja del Tambo,Antioquia,MIO,U
Apartadó,Antioquia,Firmas,U
Donmatías,Antioquia,PC,ASI
Argelia,Antioquia,PC,AV
Nariño,Antioquia,PC,CD
Puerto Triunfo,Antioquia,PC,CD
Sabaneta,Antioquia,PC,CD
Sonsón,Antioquia,PC,CD
Valparaíso,Antioquia,PC,CD
Cisneros,Antioquia,PC,CR
Cocorná,Antioquia,PC,CR
Montebello,Antioquia,PC,CR
San Luis,Antioquia,PC,OC
Cañasgordas,Antioquia,PC,PC
Hispania,Antioquia,PC,PC
Itagüí,Antioquia,PC,PC
Sabanalarga,Antioquia,PC,PC
San Pedro de los Milagros,Antioquia,PC,PC
San Roque,Antioquia,PC,PC
Támesis,Antioquia,PC,PC
Toledo,Antioquia,PC,PC
Uramita,Antioquia,PC,PC
Armenia,Antioquia,PC,PL
Fredonia,Antioquia,PC,PL
Giraldo,Antioquia,PC,PL
Ituango,Antioquia,PC,PL
Vegachí,Antioquia,PC,PL
Alejandría,Antioquia,PC,U
Andes,Antioquia,PC,U
Santuario,Antioquia,PC,U
Abriaquí,Antioquia,PIN,PC
Heliconia,Antioquia,PIN,PL
Carepa,Antioquia,PIN,U
Yarumal,Antioquia,PL,ASI
Caicedo,Antioquia,PL,CD
Concordia,Antioquia,PL,CD
Titiribí,Antioquia,PL,CD
Peque,Antioquia,PL,CR
Tarso,Antioquia,PL,CR
Zaragoza,Antioquia,PL,CR
Medellín,Antioquia,PL,Firmas
Carolina,Antioquia,PL,Mais
La Unión,Antioquia,PL,OC
Betania,Antioquia,PL,PC
Buriticá,Antioquia,PL,PC
Frontino,Antioquia,PL,PC
Guadalupe,Antioquia,PL,PC
Valdivia,Antioquia,PL,PC
Abejorral,Antioquia,PL,PL
Anorí,Antioquia,PL,PL
Belmira,Antioquia,PL,PL
Dabeiba,Antioquia,PL,PL
Ebéjico,Antioquia,PL,PL
Envigado,Antioquia,PL,PL
Barbosa,Antioquia,PL,U
Cáceres,Antioquia,PL,U
Pueblorrico,Antioquia,PL,U
San Juan de Urabá,Antioquia,PL,U
Caracolí,Antioquia,U,ASI
Yolombó,Antioquia,U,AV
Amagá,Antioquia,U,CD
Marinilla,Antioquia,U,CD
San Vicente,Antioquia,U,CD
Amalfi,Antioquia,U,CR
Arboletes,Antioquia,U,CR
Mutatá,Antioquia,U,CR
Olaya,Antioquia,U,CR
Puerto Berrío,Antioquia,U,CR
Remedios,Antioquia,U,CR
Angelopolis,Antioquia,U,PC
Entrerríos,Antioquia,U,PC
Guarne,Antioquia,U,PC
Santo Domingo,Antioquia,U,PC
Yalí,Antioquia,U,PC
Antioquia,Antioquia,U,PL
Briceño,Antioquia,U,PL
Caldas,Antioquia,U,PL
Peñol,Antioquia,U,PL
Salgar,Antioquia,U,PL
San Jaronimo,Antioquia,U,PL
San Pedro de Urabá,Antioquia,U,PL
Santa Bárbara,Antioquia,U,PL
Sopetrán,Antioquia,U,PL
Venecia,Antioquia,U,PL
Chigorodó,Antioquia,U,U
Girardota,Antioquia,U,U
La Estrella,Antioquia,U,U
Maceo,Antioquia,U,U
Retiro,Antioquia,U,U
Urrao,Antioquia,U,U
Puerto Rondón,Arauca,ASI,ASI
Cravo Norte,Arauca,CR,PL
Tame,Arauca,MIO,PL
Arauquita,Arauca,PDA,AV
Fortul,Arauca,PDA,PDA
Saravena,Arauca,U,CD
Arauca,Arauca,U,CR
Repelón,Atlántico,Aico,CR
Barranquilla,Atlántico,CR,CR
Galapa,Atlántico,CR,CR
Malambo,Atlántico,CR,CR
Polonuevo,Atlántico,CR,CR
Ponedera,Atlántico,CR,CR
Manatí,Atlántico,CR,PC
Piojó,Atlántico,CR,PC
Baranoa,Atlántico,CR,U
Campo de la Cruz,Atlántico,CR,U
Candelaria,Atlántico,CR,U
Puerto Colombia,Atlántico,CR,U
Santo Tomás,Atlántico,CR,U
Sabanalarga,Atlántico,PC,PL
Palmar de Varela,Atlántico,PC,U
Tubará,Atlántico,PC,U
Sabanagrande,Atlántico,PL,CR
Soledad,Atlántico,PL,CR
Usiacurí,Atlántico,PL,U
Luruaco,Atlántico,U,CR
Juan de Acosta,Atlántico,U,PC
Santa Lucía,Atlántico,U,PC
Suan,Atlántico,U,U
Zambrano,Bolívar,Afrovides,CR
Arjona,Bolívar,Aico,CR
Turbaco,Bolívar,ASI,CR
Cartagena,Bolívar,ASI,Firmas
Magangué,Bolívar,AV,CR
Villanueva,Bolívar,AV,OC
Mompos,Bolívar,AV,U
Córdoba,Bolívar,CR,CR
Mahates,Bolívar,CR,CR
Santa Catalina,Bolívar,CR,CR
Simití,Bolívar,CR,CR
El Guamo,Bolívar,CR,PL
Morales,Bolívar,CR,PL
San Estanislao,Bolívar,CR,U
San Pablo,Bolívar,CR,U
María La Baja,Bolívar,MIO,U
Calamar,Bolívar,PC,CR
El Peñón,Bolívar,PC,PC
Soplaviento,Bolívar,PC,PC
Cantagallo,Bolívar,PC,PL
Cicuco,Bolívar,PC,PL
Turbaná,Bolívar,PC,PL
Nororsí,Bolívar,PC,U
Santa Rosa del Sur,Bolívar,PC,U
Barranco de Loba,Bolívar,PIN,CR
Arenal,Bolívar,PIN,OC
San Fernando,Bolívar,PIN,OC
Margarita,Bolívar,PIN,PL
Montecristo,Bolívar,PIN,PL
Santa Rosa,Bolívar,PIN,PL
San Cristóbal,Bolívar,PIN,U
Regidor,Bolívar,PL,OC
San Jacinto,Bolívar,PL,PL
Altos del Rosario,Bolívar,PL,U
San Jacinto del Cauca,Bolívar,PL,U
Hatillo de Loba,Bolívar,U,CR
San Juan Nepomuceno,Bolívar,U,CR
Carmen de Bolívar,Bolívar,U,Mais
Talaiga Nuevo,Bolívar,U,PC
Achí,Bolívar,U,PL
Pinillos,Bolívar,U,PL
Río Viejo,Bolívar,U,PL
Arroyohondo,Bolívar,U,U
Clemencia,Bolívar,U,U
San Martín de Loba,Bolívar,U,U
Tiquisio,Bolívar,U,U
Chinavita,Boyacá,ASI,CR
Sáchica,Boyacá,ASI,CR
Santana,Boyacá,ASI,CR
Sutamarchán,Boyacá,ASI,CR
Tunja,Boyacá,AV,CR
Quipama,Boyacá,AV,CD
Chivor,Boyacá,AV,CR
Coper,Boyacá,AV,CR
Maripi,Boyacá,AV,CR
Nobsa,Boyacá,AV,CR
Sora,Boyacá,AV,CR
Pisba,Boyacá,AV,OC
Aquitania,Boyacá,AV,PC
Chivata,Boyacá,AV,PC
Floresta,Boyacá,AV,PC
Paya,Boyacá,AV,PC
Siachoque,Boyacá,AV,PC
Berbeo,Boyacá,AV,PL
Soracá,Boyacá,AV,PL
Covarachia,Boyacá,AV,U
La Uvita,Boyacá,AV,U
Samacá,Boyacá,AV,U
San Eduardo,Boyacá,AV,U
El Espino,Boyacá,CR,ASI
Guateque,Boyacá,CR,AV
Labranzagrande,Boyacá,CR,CD
Monguí,Boyacá,CR,CD
Mongua,Boyacá,CR,CR
Ráquira,Boyacá,CR,CR
Sotaquirá,Boyacá,CR,CR
Briceño,Boyacá,CR,PC
Busbanza,Boyacá,CR,PC
Buenavista,Boyacá,CR,U
Chiquinquirá,Boyacá,CR,U
Corrales,Boyacá,CR,U
Garagoa,Boyacá,CR,U
Oicata,Boyacá,Firmas,CR
Topaga,Boyacá,Firmas,PC
Tota,Boyacá,Firmas,U
Villa de Leiva,Boyacá,Firmas,U
Ventaquemada,Boyacá,Firmas,U
Combita,Boyacá,Firmas,AV
Pesca,Boyacá,PC,ASI
Saboya,Boyacá,PC,AV
Chita,Boyacá,PC,CD
Otanche,Boyacá,PC,CD
Pachavita,Boyacá,PC,CD
Umbita,Boyacá,PC,CD
Gameza,Boyacá,PC,CR
Muzo,Boyacá,PC,CR
Somondoco,Boyacá,PC,CR
Sutatenza,Boyacá,PC,CR
Tibasosa,Boyacá,PC,CR
Viracacha,Boyacá,PC,CR
Tinjacá,Boyacá,PC,En blanco
Santa Sofía,Boyacá,PC,PC
Sativasur,Boyacá,PC,PC
Susacon,Boyacá,PC,PC
Tenza,Boyacá,PC,PC
Paz del Río,Boyacá,PC,PL
San Miguel de Sema,Boyacá,PC,PL
Socha,Boyacá,PC,PL
Cerinza,Boyacá,PC,U
Ciénega,Boyacá,PC,U
Firavitoba,Boyacá,PC,U
Guayata,Boyacá,PC,U
Jericó,Boyacá,PC,U
Moniquirá,Boyacá,PC,U
Santa Rosa de Viterbo,Boyacá,PC,U
Motavita,Boyacá,PIN,AV
Guacamayas,Boyacá,PIN,CD
Tutazá,Boyacá,PIN,U
Cubara,Boyacá,PL,ASI
Chiscas,Boyacá,PL,CD
Caldas,Boyacá,PL,CR
Tibaná,Boyacá,PL,CR
Belén,Boyacá,PL,PC
Duitama,Boyacá,PL,PC
El Cocuy,Boyacá,PL,PC
Toguí,Boyacá,PL,PC
Chíquiza,Boyacá,PL,PL
Jenesano,Boyacá,PL,PL
Ramiriquí,Boyacá,PL,PL
Socota,Boyacá,PL,PL
Tuta,Boyacá,PL,PL
Miraflores,Boyacá,PL,U
Sogamoso,Boyacá,PL,U
Tipacoque,Boyacá,PL,U
Santa Maria,Boyacá,U,AV
Tasco,Boyacá,U,AV
Paipa,Boyacá,U,AV
Almeida,Boyacá,U,CD
Iza,Boyacá,U,CD
La Victoria,Boyacá,U,CD
Panqueba,Boyacá,U,CD
San Mateo,Boyacá,U,CD
Sativanorte,Boyacá,U,CD
Campohermoso,Boyacá,U,CR
Chitaraque,Boyacá,U,CR
Cucaita,Boyacá,U,CR
Guican,Boyacá,U,CR
Pauna,Boyacá,U,CR
Zetaquirá,Boyacá,U,CR
Boavita,Boyacá,U,PC
Macanal,Boyacá,U,PC
San Pablo de Borbur,Boyacá,U,PC
Turmequé,Boyacá,U,PDA
Arcabuco,Boyacá,U,PL
Boyacá,Boyacá,U,PL
Puerto Boyacá,Boyacá,U,PL
San José de Pare,Boyacá,U,PL
Toca,Boyacá,U,PL
Tununguá,Boyacá,U,PL
Beteitiva,Boyacá,U,U
Cuitiva,Boyacá,U,U
Gachantiva,Boyacá,U,U
La Capilla,Boyacá,U,U
Nuevo Colón,Boyacá,U,U
Páez,Boyacá,U,U
Pajarito,Boyacá,U,U
Rondón,Boyacá,U,U
San Luis de Gaceno,Boyacá,U,U
Soata,Boyacá,U,U
La Dorada,Caldas,CR,CR
La Merced,Caldas,CR,PL
Salamina,Caldas,Firmas,PL
Samana,Caldas,Firmas,Firmas
Aranzazu,Caldas,Firmas,PC
Marmato,Caldas,Firmas,U
Filadelfia,Caldas,MIO,U
Marquetalia,Caldas,PC,CD
Marulanda,Caldas,PC,CD
Pensilvania,Caldas,PC,CD
Anserma,Caldas,PC,PC
San Jose,Caldas,PC,PC
Manizales,Caldas,PC,PL
Aguadas,Caldas,PC,U
Belalcazar,Caldas,PC,U
Chinchiná,Caldas,PC,U
Manzanares,Caldas,PC,U
Neira,Caldas,PC,U
Viterbo,Caldas,PC,U
Riosucio,Caldas,PDA,Mais
Supía,Caldas,PL,PDA
Victoria,Caldas,U,CR
Norcasia,Caldas,U,PL
Pacora,Caldas,U,PL
Palestina,Caldas,U,U
Risaralda,Caldas,U,U
Villamaría,Caldas,U,U
Solano,Caquetá,ASI,Mais
Curillo,Caquetá,ASI,U
Belén Andaquies,Caquetá,AV,PC
San José de Fragua,Caquetá,Firmas,CD
El Paujil,Caquetá,MIRA,CR
Cartagena del Chaira,Caquetá,PC,ASI
Milán,Caquetá,PC,PL
San  Vicente del Caguan,Caquetá,PDA,CR
La Montañita,Caquetá,PDA,PC
El Doncello,Caquetá,PL,CR
Puerto Rico,Caquetá,PL,CR
Solita,Caquetá,PL,PC
Valparaíso,Caquetá,PL,PC
Morelia,Caquetá,U,ASI
Florencia,Caquetá,U,CD
Albania,Caquetá,U,PC
Recetor,Casanare,Afrovides,AV
Maní,Casanare,Afrovides,CR
Orocue,Casanare,Afrovides,OC
Hato Corozal,Casanare,Afrovides,PL
La Salina,Casanare,Afrovides,PL
Tamara,Casanare,Afrovides,U
Pore,Casanare,AV,OC
Monterrey,Casanare,AV,PL
Sabanalarga,Casanare,CR,CR
Aguazul,Casanare,CR,U
Nunchia,Casanare,PIN,CR
Chameza,Casanare,PL,CR
Trinidad,Casanare,PL,CR
Yopal,Casanare,PL,Firmas
Villanueva,Casanare,PL,OC
Sacama,Casanare,PL,PC
San Luis de Palenque,Casanare,PL,PL
Paz de Ariporo,Casanare,PL,U
Tauramena,Casanare,U,CR
Totoro,Cauca,Aico,ASI
Argelia,Cauca,ASI,Aico
Páez,Cauca,ASI,ASI
Silvia,Cauca,ASI,ASI
Sucre,Cauca,ASI,AV
Buenos Aires,Cauca,ASI,CR
Jambaló,Cauca,ASI,Mais
Toribio,Cauca,ASI,Mais
La Vega,Cauca,ASI,PC
Caloto,Cauca,ASI,PL
Patia (El Bordo),Cauca,ASI,PL
Piamonte,Cauca,AV,U
Puerto Tejada,Cauca,AV,U
Almaguer,Cauca,CR,ASI
Inza,Cauca,CR,ASI
Purace,Cauca,CR,CR
Florencia,Cauca,CR,PL
Morales,Cauca,CR,PL
Santa Rosa,Cauca,CR,U
Villa Rica,Cauca,Firmas,PL
Rosas,Cauca,Firmas,U
Timbiquí,Cauca,MIO,Mais
Popayán,Cauca,PC,ASI
Balboa,Cauca,PL,CR
Cajibio,Cauca,PL,PC
López,Cauca,PL,PC
Piendamo,Cauca,PL,PC
Bolívar,Cauca,PL,PL
Caldono,Cauca,PL,PL
Corinto,Cauca,PL,PL
El Tambo,Cauca,PL,PL
San Sebastián,Cauca,PL,PL
Suárez,Cauca,PL,PL
Guapi,Cauca,PL,U
Guachene,Cauca,PL,PL
Timbío,Cauca,U,Aico
Sotara,Cauca,U,AV
Padilla,Cauca,U,CR
Miranda,Cauca,U,PL
La Sierra,Cauca,U,U
Mercaderes,Cauca,U,U
Santander de Quilichao,Cauca,U,U
Chimichagua,Cesar,ASI,PC
Astrea,Cesar,CR,ASI
Aguachica,Cesar,CR,CR
Gamarra,Cesar,CR,OC
González,Cesar,CR,PC
La Paz,Cesar,CR,PC
Bosconia,Cesar,CR,PL
Chiriguaná,Cesar,CR,U
Tamalameque,Cesar,CR,U
Valledupar,Cesar,Firmas,Firmas
San Alberto,Cesar,PC,CR
Río De Oro,Cesar,PC,PC
Pueblo Bello,Cesar,PC,U
San Martín,Cesar,PIN,PC
La Jagua Ibirico,Cesar,PIN,U
San Diego,Cesar,PL,CR
Pailitas,Cesar,PL,Mais
Manaure Balcón Del Cesar,Cesar,PL,OC
El Copey,Cesar,PL,PL
Pelaya,Cesar,PL,U
El Paso,Cesar,U,AV
Agustín Codazzi,Cesar,U,CR
Curumaní,Cesar,U,OC
La Gloria,Cesar,U,OC
Becerril,Cesar,U,PC
Riosucio,Chocó,Afrovides,U
El litoral del san juan,Chocó,ASI,ASI
Alto Baudó (pie de pato),Chocó,AV,U
Atrato,Chocó,CR,CR
Quibdo,Chocó,CR,CR
Unguia,Chocó,CR,OC
Certegui,Chocó,CR,PL
Lloro,Chocó,CR,PL
Rio iro,Chocó,CR,PL
Jurado,Chocó,CR,U
Medio san juan,Chocó,MIO,AV
San jose del palmar,Chocó,PC,ASI
Sipi,Chocó,PC,PL
Acandi,Chocó,PL,CR
Bahia solano (mutis),Chocó,PL,CR
Carmen del darien,Chocó,PL,CR
Condoto,Chocó,PL,CR
Medio baudo (boca de pepe),Chocó,PL,CR
Novita,Chocó,PL,PC
Bagado,Chocó,PL,PL
Istmina,Chocó,PL,PL
Medio atrato,Chocó,PL,PL
El canton de san pablo,Chocó,PL,U
El carmen,Chocó,PL,U
Rio quito,Chocó,PL,U
Bajo baudo (pizarro),Chocó,U,ASI
Unión panamericana,Chocó,U,PC
Bojaya (bellavista),Chocó,U,U
Nuqui,Chocó,U,U
Tado,Chocó,U,U
Cienaga De Oro,Córdoba,Aico,CR
Puerto Libertador,Córdoba,ASI,CR
Chima,Córdoba,ASI,PC
San josé de Uré,Córdoba,ASI,U
Sahagún,Córdoba,Firmas,U
Purísima,Córdoba,MIO,PC
Tierralta,Córdoba,MIO,U
San Carlos,Córdoba,PC,Aico
Planeta Rica,Córdoba,PC,PC
Montería,Córdoba,PC,PL
Chinú,Córdoba,PL,CR
Los Córdobas,Córdoba,PL,Mais
La Apartada,Córdoba,PL,OC
Puerto Escondido,Córdoba,PL,OC
Ayapel,Córdoba,PL,U
Canalete,Córdoba,PL,U
Cotorra,Córdoba,PL,U
San Antero,Córdoba,PL,U
San Andrés Sotavento,Córdoba,U,Aico
Moñitos,Córdoba,U,CR
Cereté,Córdoba,U,Mais
Buenavista,Córdoba,U,OC
Tuchín,Córdoba,U,OC
Montelíbano,Córdoba,U,PC
Pueblo Nuevo,Córdoba,U,PC
Valencia,Córdoba,U,PC
Lorica,Córdoba,U,U
Momil,Córdoba,U,U
San Bernardo Viento,Córdoba,U,U
San Pelayo,Córdoba,U,U
Chia,Cundinamarca,Aico,AV
Bituima,Cundinamarca,ASI,CR
Girardot,Cundinamarca,ASI,CR
Arbelaez,Cundinamarca,ASI,PC
Villapinzón,Cundinamarca,ASI,PC
Gachalá,Cundinamarca,ASI,PL
Alban,Cundinamarca,AV,CD
Choachí,Cundinamarca,AV,CR
Une,Cundinamarca,AV,CR
Ubalá,Cundinamarca,AV,PC
El Rosal,Cundinamarca,AV,PL
Sopo,Cundinamarca,AV,U
Guachetá,Cundinamarca,CR,AV
Caqueza,Cundinamarca,CR,CD
La Palma,Cundinamarca,CR,CD
Sutatausa,Cundinamarca,CR,CD
Beltrán,Cundinamarca,CR,CR
San Cayetano,Cundinamarca,CR,CR
Tena,Cundinamarca,CR,CR
Caparrapí,Cundinamarca,CR,OC
Fúquene,Cundinamarca,CR,OC
La Mesa,Cundinamarca,CR,OC
Paratebueno,Cundinamarca,CR,OC
Guasca,Cundinamarca,CR,PC
Gutiérrez,Cundinamarca,CR,PC
Lenguazaque,Cundinamarca,CR,PC
Nocaima,Cundinamarca,CR,PC
Tabio,Cundinamarca,CR,PC
Apulo,Cundinamarca,CR,PL
Zipacón,Cundinamarca,CR,PL
Pulí,Cundinamarca,CR,U
San Bernardo,Cundinamarca,CR,U
Tausa,Cundinamarca,CR,U
Cota,Cundinamarca,Firmas,OC
Cogua,Cundinamarca,Firmas,U
Funza,Cundinamarca,Firmas,CR
Gachancipá,Cundinamarca,Firmas,CR
Nemocón,Cundinamarca,Firmas,PL
Guayabetal,Cundinamarca,Firmas,U
Machetá,Cundinamarca,Firmas,CR
Gama,Cundinamarca,PC,CD
Fosca,Cundinamarca,PC,CR
Junín,Cundinamarca,PC,CR
La Calera,Cundinamarca,PC,CR
Venecia,Cundinamarca,PC,OC
Chocontá,Cundinamarca,PC,PC
Cucunubá,Cundinamarca,PC,PC
Pandi,Cundinamarca,PC,PC
Quipile,Cundinamarca,PC,PC
Sasaima,Cundinamarca,PC,PC
Sibaté,Cundinamarca,PC,PC
Simijaca,Cundinamarca,PC,PC
Supatá,Cundinamarca,PC,PC
Utica,Cundinamarca,PC,PC
Cajicá,Cundinamarca,PC,PL
Quetame,Cundinamarca,PC,U
San Francisco,Cundinamarca,PC,CD
Tibirita,Cundinamarca,PIN,PC
El Colegio,Cundinamarca,PL,ASI
Viota,Cundinamarca,PL,CD
Bojacá,Cundinamarca,PL,CR
Granada,Cundinamarca,PL,CR
Tocaima,Cundinamarca,PL,CR
Puerto Salgar,Cundinamarca,PL,OC
San  Antonio del  Tequendama,Cundinamarca,PL,OC
Topaipí,Cundinamarca,PL,OC
Nariño,Cundinamarca,PL,PC
Cabrera,Cundinamarca,PL,PDA
Anapoima,Cundinamarca,PL,PL
Facatativa,Cundinamarca,PL,PL
Nilo,Cundinamarca,PL,PL
Pasca,Cundinamarca,PL,PL
Ricaurte,Cundinamarca,PL,PL
Zipaquirá,Cundinamarca,PL,PL
Anolaima,Cundinamarca,PL,U
Cachipay,Cundinamarca,PL,U
Guataquí,Cundinamarca,PL,U
San Juan de Rioseco,Cundinamarca,PL,U
Silvania,Cundinamarca,PL,U
Viani,Cundinamarca,PL,U
Ubaque,Cundinamarca,U,ASI
Madrid,Cundinamarca,U,AV
Ubaté,Cundinamarca,U,AV
Carmen de Carupa,Cundinamarca,U,CD
Medina,Cundinamarca,U,CD
Tenjo,Cundinamarca,U,CD
Tocancipá,Cundinamarca,U,CD
Chaguaní,Cundinamarca,U,CR
El Peñón,Cundinamarca,U,CR
Guatavita,Cundinamarca,U,CR
La Peña,Cundinamarca,U,CR
Pacho,Cundinamarca,U,CR
Subachoque,Cundinamarca,U,CR
Gacheta,Cundinamarca,U,PC
Guayabal de Siquima,Cundinamarca,U,PC
Susa,Cundinamarca,U,PC
Vergara,Cundinamarca,U,PC
Villagomez,Cundinamarca,U,PC
Villeta,Cundinamarca,U,PC
Suesca,Cundinamarca,U,PL
Agua de Dios,Cundinamarca,U,PL
Fusagasuga,Cundinamarca,U,PL
Guaduas,Cundinamarca,U,PL
La Vega,Cundinamarca,U,PL
Soacha,Cundinamarca,U,PL
Chipaque,Cundinamarca,U,U
Fómeque,Cundinamarca,U,U
Jerusalén,Cundinamarca,U,U
Manta,Cundinamarca,U,U
Mosquera,Cundinamarca,U,U
Nimaima,Cundinamarca,U,U
Paime,Cundinamarca,U,U
Quebradanegra,Cundinamarca,U,U
Sesquilé,Cundinamarca,U,U
Tibacuy,Cundinamarca,U,U
Yacopí,Cundinamarca,U,U
Inírida,Guainía,CR,PL
San José del Guaviare,Guaviare,AV,PL
Calamar,Guaviare,PC,U
Miraflores,Guaviare,PL,PL
El Retorno,Guaviare,U,U
Yaguara,Huila,ASI,ASI
Baraya,Huila,ASI,CR
Campoalegre,Huila,ASI,CR
San Agustín,Huila,ASI,U
Iquira,Huila,AV,PC
Palermo,Huila,AV,PC
Pital,Huila,AV,PL
Villavieja,Huila,CR,U
Oporapa,Huila,MIO,CR
Santa Maria,Huila,MIO,PC
Garzón,Huila,PC,AV
Elias,Huila,PC,CR
La Plata,Huila,PC,CR
Paicol,Huila,PC,Firmas
Acevedo,Huila,PC,PC
Nataga,Huila,PC,PC
Tello,Huila,PL,PL
Teruel,Huila,PC,AV
Altamira,Huila,PC,PL
Palestina,Huila,PC,PL
Tesalia,Huila,PC,PL
Pitalito,Huila,PC,U
Algeciras,Huila,PL,CR
Gigante,Huila,PL,CR
Agrado,Huila,PL,PC
Suaza,Huila,PL,PC
Colombia,Huila,PL,PL
Rivera,Huila,PL,U
Neiva,Huila,U,AV
Isnos,Huila,U,CD
La Argentina,Huila,U,CR
Saladoblanco,Huila,U,CR
Timana,Huila,U,OC
Tarqui,Huila,U,PC
Aipe,Huila,U,PL
Hobo,Huila,U,PL
Guadalupe,Huila,U,U
Fonseca,La Guajira,ASI,OC
Maicao,La Guajira,CR,CR
Albania,La Guajira,CR,OC
Manaure,La Guajira,CR,OC
Urumita,La Guajira,CR,OC
Villanueva,La Guajira,MIO,U
Riohacha,La Guajira,PL,CR
San Juan del Cesar,La Guajira,PL,CR
Barrancas,La Guajira,PL,OC
Distraccion,La Guajira,PL,PL
La Jagua del Pilar,La Guajira,PL,PL
Uribia,La Guajira,PL,PL
Dibulla,La Guajira,PL,U
El Molino,La Guajira,U,U
Hatonuevo,La Guajira,U,U
Fundacion,Magdalena,Afrovides,U
Pedraza,Magdalena,Aico,PL
Sitionuevo,Magdalena,ASI,U
El Banco,Magdalena,AV,CR
Chivolo,Magdalena,CR,CR
Guamal,Magdalena,CR,PL
Salamina,Magdalena,CR,PL
Puebloviejo,Magdalena,CR,U
Cerro San Antonio,Magdalena,MIO,U
Concordia,Magdalena,PC,CR
Zona Bananera,Magdalena,PC,CR
Algarrobo,Magdalena,PC,Firmas
Aracataca,Magdalena,PC,PC
Pijiño Del Carmen,Magdalena,PC,PL
Cienaga,Magdalena,PDA,PL
Plato,Magdalena,PIN,CR
Pivijay,Magdalena,PL,CR
San Zenon,Magdalena,PL,CR
Santa Barbara De Pinto,Magdalena,PL,CR
Santa Marta,Magdalena,PL,CR
Sabanas De San Angel,Magdalena,PL,OC
San Sebastian De Buenavista,Magdalena,PL,PL
Nueva Granada,Magdalena,U,CR
Ariguani,Magdalena,U,OC
El Reten,Magdalena,U,PL
Remolino,Magdalena,U,PL
Tenerife,Magdalena,U,PL
Zapayan,Magdalena,U,PL
El Piñon,Magdalena,U,U
Santa Ana,Magdalena,U,U
La Uribe,Meta,Aico,PL
Cubarral,Meta,ASI,CD
San Martín,Meta,ASI,PL
Mesetas,Meta,CR,ASI
San  Juan de Arama,Meta,CR,CD
Fuente de Oro,Meta,CR,CR
Puerto Concordia,Meta,CR,Mais
Restrepo,Meta,CR,PL
Cumaral,Meta,MIO,Mais
Granada,Meta,PIN,CR
Cabuyaro,Meta,PIN,PL
Lejanías,Meta,PIN,PL
Puerto Lleras,Meta,PL,CD
La Macarena,Meta,PL,PC
Puerto Rico,Meta,PL,PC
Mapiripán,Meta,U,ASI
Acacias,Meta,U,AV
El Calvario,Meta,U,CD
Puerto López,Meta,U,CD
San Juanito,Meta,U,CR
Villavicencio,Meta,U,Firmas
Vista Hermosa,Meta,U,Mais
Castilla La Nueva,Meta,U,PC
El Dorado,Meta,U,PC
Guamal,Meta,U,PC
Barranca de Upia,Meta,U,PL
El Castillo,Meta,U,PL
Puerto Gaitán,Meta,U,PL
San Carlos Guaroa,Meta,U,U
Aldaña,Nariño,Aico,Aico
Santacruz,Nariño,Aico,Aico
El rosario,Nariño,Aico,PC
Leiva,Nariño,Aico,PC
Cumbal,Nariño,Aico,PL
Roberto payan,Nariño,ASI,PL
San lorenzo,Nariño,ASI,U
El charco,Nariño,AV,ASI
Mallama,Nariño,AV,PL
Ricaurte,Nariño,AV,PL
San pablo,Nariño,CR,ASI
Pasto,Nariño,CR,Firmas
Alban,Nariño,CR,PC
Arboleda,Nariño,CR,PC
Contadero,Nariño,CR,PC
Guachucal,Nariño,CR,PC
Los andes,Nariño,CR,PC
Olaya herrera,Nariño,CR,PC
La tola,Nariño,CR,PDA
Barbacoas,Nariño,CR,PL
La union,Nariño,CR,PL
Ancuya,Nariño,CR,U
Cumbitara,Nariño,CR,U
Policarpa,Nariño,CR,U
El tablon,Nariño,Firmas,ASI
Guaitarilla,Nariño,Firmas,PC
Sapuyes,Nariño,Firmas,CR
Belen,Nariño,Firmas,U
Linares,Nariño,Firmas,AV
Tumaco,Nariño,Firmas,PL
Colon(genova),Nariño,Firmas,CR
Tuquerres,Nariño,Firmas,U
Santa Bárbara (Iscuandé),Nariño,MIO,PL
Cuaspud,Nariño,PC,Aico
Gualmatan,Nariño,PC,CR
La florida,Nariño,PC,CR
Yacuanquer,Nariño,PC,CR
Francisco Pizarro (Salahonda),Nariño,PC,PL
Imues,Nariño,PC,U
Puerres,Nariño,PC,U
Pupiales,Nariño,PC,U
Tangua,Nariño,PC,U
Consaca,Nariño,PDA,CR
Samaniego,Nariño,PIN,ASI
Magui,Nariño,PL,AV
Nariño,Nariño,PL,CR
Ipiales,Nariño,PL,Mais
Chachagui,Nariño,PL,PC
Cordoba,Nariño,PL,PC
La llanada,Nariño,PL,PC
Sandona,Nariño,PL,PC
Taminango,Nariño,PL,PC
Ospina,Nariño,PL,PL
Iles,Nariño,U,ASI
San pedro de cartago,Nariño,U,ASI
Funes,Nariño,U,AV
Buesaco,Nariño,U,PC
El tambo,Nariño,U,PC
Mosquera,Nariño,U,PC
Potosi,Nariño,U,PDA
La cruz,Nariño,U,PL
San bernardo,Nariño,U,PL
El peñol,Nariño,U,U
Providencia,Nariño,U,U
Puerto Santander,Norte de Santander,Afrovides,PC
Ocaña,Norte de Santander,Aico,PC
El Tarra,Norte de Santander,Aico,PDA
Teorama,Norte de Santander,ASI,Aico
Hacari,Norte de Santander,ASI,Mais
Ragonvalia,Norte de Santander,ASI,PC
Durania,Norte de Santander,AV,CR
Cúcuta,Norte de Santander,AV,OC
Bucarasica,Norte de Santander,AV,PC
Abrego,Norte de Santander,AV,U
Chinácota,Norte de Santander,AV,U
Tibú,Norte de Santander,CR,ASI
Arboledas,Norte de Santander,CR,CD
Toledo,Norte de Santander,CR,CR
Cáchira,Norte de Santander,CR,OC
Convención,Norte de Santander,CR,PC
Gramalote,Norte de Santander,CR,PC
Cácota,Norte de Santander,CR,PL
El Zulia,Norte de Santander,CR,U
Los Patios,Norte de Santander,Firmas,U
Villacaro,Norte de Santander,PC,Aico
Pamplona,Norte de Santander,PC,CD
Herrán,Norte de Santander,PC,Firmas
Mutiscua,Norte de Santander,PC,OC
La Esperanza,Norte de Santander,PC,PC
La Playa,Norte de Santander,PC,PC
Pamplonita,Norte de Santander,PC,PC
Sardinata,Norte de Santander,PC,PC
Lourdes,Norte de Santander,PC,U
San Calixto,Norte de Santander,PDA,AV
Bochalema,Norte de Santander,PL,U
San Cayetano,Norte de Santander,PL,U
Silos,Norte de Santander,U,OC
Villa del Rosario,Norte de Santander,U,OC
Santiago,Norte de Santander,U,PC
El Carmen,Norte de Santander,U,PL
Chitagá,Norte de Santander,U,U
Cucutilla,Norte de Santander,U,U
Labateca,Norte de Santander,U,U
Salazar,Norte de Santander,U,U
Puerto Guzmán,Putumayo,Afrovides,AV
Valle del Guamuez,Putumayo,Aico,AV
Puerto Leguízamo,Putumayo,Aico,Mais
San Miguel,Putumayo,ASI,AV
Puerto Caycedo,Putumayo,AV,PL
Mocoa,Putumayo,PC,AV
Puerto Asís,Putumayo,PC,PL
San Francisco,Putumayo,PC,PL
Villagarzón,Putumayo,PC,PL
Santiago,Putumayo,PC,U
Colón,Putumayo,PL,PL
Sibundoy,Putumayo,PL,PL
Orito,Putumayo,PL,U
La Tebaida,Quindío,Afrovides,U
Pijao,Quindío,ASI,ASI
Filandia,Quindío,AV,Firmas
Circasia,Quindío,Firmas,PL
Salento,Quindío,Firmas,CR
Buenavista,Quindío,PC,ASI
Génova,Quindío,PC,CR
Quimbaya,Quindío,PL,CR
Montenegro,Quindío,PL,Firmas
Armenia,Quindío,PL,PL
Córdoba,Quindío,U,CR
Calarcá,Quindío,U,Firmas
Mistrato,Risaralda,ASI,Mais
Santa Rosa de Cabal,Risaralda,ASI,PC
Quinchía,Risaralda,CR,PL
Dos Quebradas,Risaralda,Firmas,PC
Marsella,Risaralda,Firmas,PC
Belén de Umbría,Risaralda,PC,Firmas
Guatica,Risaralda,PC,PC
La Virginia,Risaralda,PC,PL
Apia,Risaralda,PL,PL
Balboa,Risaralda,PL,PL
Santuario,Risaralda,U,PC
Pereira,Risaralda,U,PL
Pueblo Rico,Risaralda,U,PL
La Celia,Risaralda,U,U
Providencia,San Andrés,MIO,Firmas
San Andrés,San Andrés,,
Chipatá,Santander,ASI,ASI
Cabrera,Santander,ASI,U
Galán,Santander,AV,OC
Sabana de Torres,Santander,CR,ASI
Rionegro,Santander,CR,CD
Charta,Santander,CR,CR
Florián,Santander,CR,CR
Málaga,Santander,CR,CR
San Benito,Santander,CR,CR
Puente Nacional,Santander,CR,PC
Vetas,Santander,CR,PC
Zapatoca,Santander,CR,PC
Aratoca,Santander,CR,PL
Chima,Santander,CR,PL
Hato,Santander,CR,PL
Landázuri,Santander,CR,PL
Cerrito,Santander,CR,U
El Guacamayo,Santander,CR,U
El Peñón,Santander,CR,U
Gámbita,Santander,CR,U
La Paz,Santander,CR,U
Barrancabermeja,Santander,Firmas,PL
Betulia,Santander,Firmas,PL
Barichara,Santander,Firmas,U
Piedecuesta,Santander,Firmas,PL
Villanueva,Santander,Firmas,U
San Gil,Santander,Firmas,U
Curití,Santander,Firmas,U
Guavatá,Santander,Firmas,PL
Matanza,Santander,Firmas,CR
Los Santos,Santander,Firmas,PL
Suratá,Santander,Firmas,U
Girón,Santander,Firmas,U
San Joaquín,Santander,PC,CR
Floridablanca,Santander,PC,Firmas
Albania,Santander,PC,PC
Bolívar,Santander,PC,PC
Macaravita,Santander,PC,PC
Mogotes,Santander,PC,PC
Palmas del Socorro,Santander,PC,PC
Guapotá,Santander,PC,PL
Jesús María,Santander,PC,PL
Aguada,Santander,PC,U
Capitanejo,Santander,PC,U
Jordán,Santander,PC,U
La Belleza,Santander,PC,U
Ocamonte,Santander,PC,U
Molagavita,Santander,PIN,OC
Puerto Parra,Santander,PIN,OC
Santa Bárbara,Santander,PIN,PC
Cepitá,Santander,PIN,PL
San Andrés,Santander,PIN,PL
Pinchote,Santander,PIN,U
Puerto Wilches,Santander,PIN,U
San José de Miranda,Santander,PIN,U
Páramo,Santander,PL,CR
Bucaramanga,Santander,PL,Firmas
Socorro,Santander,PL,OC
Confines,Santander,PL,PL
Guaca,Santander,PL,PL
Güepsa,Santander,PL,PL
Palmar,Santander,PL,PL
Tona,Santander,PL,PL
Valle de San José,Santander,PL,PL
Carcasí,Santander,PL,U
Cimitarra,Santander,PL,U
Encino,Santander,PL,U
Suaita,Santander,PL,U
California,Santander,U,CD
Concepción,Santander,U,CD
El Playón,Santander,U,CD
San Vicente de Chucurí,Santander,U,CD
Guadalupe,Santander,U,CR
San Miguel,Santander,U,CR
Contratación,Santander,U,OC
Barbosa,Santander,U,PC
Sucre,Santander,U,PC
Coromoro,Santander,U,PL
Oiba,Santander,U,PL
Vélez,Santander,U,PL
Charalá,Santander,U,U
El Carmen de Chucurí,Santander,U,U
Enciso,Santander,U,U
Lebrija,Santander,U,U
Onzaga,Santander,U,U
Santa Helena del Opón,Santander,U,U
Simacota,Santander,U,U
Sucre,Sucre,Afrovides,CR
Coveñas,Sucre,Afrovides,OC
San Juan de Betulia (Betulia),Sucre,Afrovides,OC
Tolú,Sucre,Afrovides,PL
El Roble,Sucre,CR,CR
Caimito ,Sucre,CR,OC
Chalan,Sucre,CR,OC
Palmito,Sucre,CR,PC
San Marcos,Sucre,CR,PC
Morroa,Sucre,Firmas,U
San Onofre,Sucre,PC,Mais
Buenavista,Sucre,PC,PL
Sincé,Sucre,PC,PL
Coloso(Ricaurte),Sucre,PC,U
Galeras(Nueva Granada),Sucre,PIN,U
La Unión,Sucre,PIN,U
San Pedro,Sucre,PIN,U
Corozal,Sucre,PL,CR
Toluviejo,Sucre,PL,PL
Guaranda,Sucre,U,PL
Los Palmitos,Sucre,U,PL
Majagual,Sucre,U,PL
Ovejas,Sucre,U,PL
San Benito Abad,Sucre,U,PL
Sincelejo,Sucre,U,PL
Sampues,Sucre,U,U
Fresno,Tolima,Afrovides,U
Valle De San Juan,Tolima,Aico,PC
Coyaima,Tolima,ASI,PL
Ataco,Tolima,CR,ASI
Ambalema,Tolima,CR,CR
Espinal,Tolima,CR,CR
Honda,Tolima,CR,CR
Lerida,Tolima,CR,Firmas
Rovira,Tolima,CR,PC
Armero(Guayabal),Tolima,CR,PL
Carmen De Apicalá,Tolima,CR,PL
Piedras,Tolima,CR,PL
Venadillo,Tolima,CR,PL
Prado,Tolima,CR,U
Suarez,Tolima,Firmas,PC
Libano,Tolima,MIO,CR
Rioblanco ,Tolima,MIO,OC
Coello,Tolima,MIO,U
Guamo,Tolima,PC,CR
Alpujarra,Tolima,PC,PC
Herveo,Tolima,PC,PC
Murillo,Tolima,PC,PC
Saldaña,Tolima,PC,PC
San Antonio,Tolima,PC,PC
Santa Isabel,Tolima,PC,PC
Villahermosa,Tolima,PC,PC
Casabianca,Tolima,PC,U
Flandes,Tolima,PC,U
Roncesvalles,Tolima,PL,AV
Ibague,Tolima,PL,Mais
Planadas,Tolima,PL,OC
Ortega,Tolima,PL,PC
Alvarado,Tolima,PL,PL
Chaparral,Tolima,PL,PL
Falan,Tolima,PL,PL
Natagaima,Tolima,PL,PL
Cajamarca,Tolima,PL,U
Dolores,Tolima,PL,U
Cunday,Tolima,U,ASI
Icononzo,Tolima,U,ASI
Mariquita,Tolima,U,CR
Anzoategui,Tolima,U,PC
Palocabildo,Tolima,U,PC
Purificación,Tolima,U,PC
San Luis,Tolima,U,PC
Villarrica,Tolima,U,PL
Melgar,Tolima,U,U
Bugalagrande,Valle del Cauca,Aico,PL
Florida,Valle del Cauca,Aico,U
Trujillo,Valle del Cauca,ASI,Mais
Argelia,Valle del Cauca,AV,PC
Yumbo,Valle del Cauca,AV,PL
Pradera,Valle del Cauca,CR,ASI
Ginebra,Valle del Cauca,CR,PL
Cali ,Valle del Cauca,Firmas,Firmas
Roldanillo,Valle del Cauca,Firmas,ASI
Candelaria,Valle del Cauca,Firmas,PL
Obando,Valle del Cauca,Firmas,CR
Restrepo,Valle del Cauca,Firmas,PL
Zarzal,Valle del Cauca,Firmas,U
Andalucia,Valle del Cauca,MIO,Aico
Dagua ,Valle del Cauca,MIO,PC
Sevilla,Valle del Cauca,MIO,PL
El Cairo,Valle del Cauca,MIO,U
La Unión,Valle del Cauca,PC,Aico
Toro,Valle del Cauca,PC,CD
Riofrio,Valle del Cauca,PC,Firmas
Caicedonia,Valle del Cauca,PC,PC
Vijes,Valle del Cauca,PC,PC
Ansermanuevo,Valle del Cauca,PC,U
El Aguila,Valle del Cauca,PC,U
Versalles,Valle del Cauca,PC,U
La Victoria ,Valle del Cauca,PIN,Aico
Bolivar,Valle del Cauca,PIN,U
Cartago,Valle del Cauca,PL,ASI
Buenaventura,Valle del Cauca,PL,U
Calima(Darien),Valle del Cauca,PL,U
Buga,Valle del Cauca,U,ASI
Tulua,Valle del Cauca,U,Mais
El Dovio,Valle del Cauca,U,PC
La Cumbre,Valle del Cauca,U,PC
El Cerrito ,Valle del Cauca,U,PL
Guacarí,Valle del Cauca,U,PL
San Pedro,Valle del Cauca,U,PL
Ulloa,Valle del Cauca,U,PL
Alcalá,Valle del Cauca,U,U
Jamundí,Valle del Cauca,U,U
Palmira,Valle del Cauca,U,U
Yotoco,Valle del Cauca,U,U
Restrepo,Valle del Cauca,Firmas,Aico
Obando,Valle del Cauca,Firmas,CR
Taraira,Vaupés,CR,U
Caruru,Vaupés,MIO,CR
Mitu,Vaupés,PIN,CR
Cumaribo,Vichada,ASI,CD
Puerto Carreño ,Vichada,CR,CR
Santa Rosalia,Vichada,CR,CR
La Primavera ,Vichada,MIO,PL