Año,Organización,Iniciativa,Objetivo,Municipio,Departamento
2014,Asociación de productores de cacao de los montes de maría (ASPROCAMM),Establecimiento de 200 has. de cacao para beneficiar 120 familias desplazadas y retornadas en la parte alta de los montes de María municipios de San Jacinto y el Carmen de Bolívar,"retorno voluntario de las familias desplazadas por la violencia, el mejoramiento de ingresos económicos de los beneficiarios vinculados a la iniciativa a través de la producción de cacao, y el fortalecimiento de la seguridad alimentaria de las comunidades de los municipios de El Carmen de Bolívar, San Jacinto y San Juan Nepomuceno, en el departamento de Bolívar.",El Carmen de Bolívar,Bolívar 
2014,Asociación de productores de cacao de los montes de maría (ASPROCAMM),Establecimiento de 200 has. de cacao para beneficiar 120 familias desplazadas y retornadas en la parte alta de los montes de María municipios de San Jacinto y el Carmen de Bolívar,"retorno voluntario de las familias desplazadas por la violencia, el mejoramiento de ingresos económicos de los beneficiarios vinculados a la iniciativa a través de la producción de cacao, y el fortalecimiento de la seguridad alimentaria de las comunidades de los municipios de El Carmen de Bolívar, San Jacinto y San Juan Nepomuceno, en el departamento de Bolívar.",San Jacinto,Bolívar 
2014,Asociación de productores de cacao de los montes de maría (ASPROCAMM),Establecimiento de 200 has. de cacao para beneficiar 120 familias desplazadas y retornadas en la parte alta de los montes de María municipios de San Jacinto y el Carmen de Bolívar,"retorno voluntario de las familias desplazadas por la violencia, el mejoramiento de ingresos económicos de los beneficiarios vinculados a la iniciativa a través de la producción de cacao, y el fortalecimiento de la seguridad alimentaria de las comunidades de los municipios de El Carmen de Bolívar, San Jacinto y San Juan Nepomuceno, en el departamento de Bolívar.",San Juan Nepomuceno,Bolívar 
2014,Asociación de pequeños y medianos productores agropecuarios de sector de rio duda municipio de mesetas. “ASOPROADUM”,Fondo Rotatorio “ASOPROADUM”,Constituir un fondo rotatorio para eliminar los cultivos ilícitos de la región.,Mesetas,Meta
2014,Productos Naturales de la Sabana S.A Alquería,Proyecto MACA Fomento Ganadero Alquería,"Brindar al pequeño y mediano productor de leche, un canal formal para la comercialización su producción que le ofrezca: estabilidad, acompañamiento, lo incentive a la productividad y elimine la intermediación que no agrega valor, y así mejorar su calidad de vida”.",Mesetas,Meta
2014,Productos Naturales de la Sabana S.A Alquería,Proyecto MACA Fomento Ganadero Alquería,"Brindar al pequeño y mediano productor de leche, un canal formal para la comercialización su producción que le ofrezca: estabilidad, acompañamiento, lo incentive a la productividad y elimine la intermediación que no agrega valor, y así mejorar su calidad de vida”.",Puerto Lleras,Meta
2014,Productos Naturales de la Sabana S.A Alquería,Proyecto MACA Fomento Ganadero Alquería,"Brindar al pequeño y mediano productor de leche, un canal formal para la comercialización su producción que le ofrezca: estabilidad, acompañamiento, lo incentive a la productividad y elimine la intermediación que no agrega valor, y así mejorar su calidad de vida”.",Granada,Meta
2014,Productos Naturales de la Sabana S.A Alquería,Proyecto MACA Fomento Ganadero Alquería,"Brindar al pequeño y mediano productor de leche, un canal formal para la comercialización su producción que le ofrezca: estabilidad, acompañamiento, lo incentive a la productividad y elimine la intermediación que no agrega valor, y así mejorar su calidad de vida”.",San Juan de Arama,Meta
2014,Manufacturas Querido Soldado S.A.,Manufacturas Querido Soldado S.A.,"La generación de empleo estable para viudas, soldados discapacitados o sus esposas, mediante la producción de textiles, la confección de prendas y el servicio de maquila. Los beneficiarios de la iniciativa han mejorado significativamente sus ingresos gracias al desarrollo de actividades como la confección de prendas de vestir relacionadas con dotaciones empresariales, uniformes escolares, salud y servicio satélite, así como la fabricación de toallas elaboradas bajo modalidad de maquila para el cliente Protela. Así mismo, trabajan en clasificación y empaque de productos para el grupo Phoenix",Funza,Cundinamarca
2013,Asociación Campesina de cacaoteros del Municipio de San Pablo de Borbur – Boyacá ASOCACABO,Sembrando futuro,"El cambio cultural que se empieza a ver en nuestra región, hacer quenuestra comunidad vuelva a creer en la productividad del campo, pero basada en la legalidad, este es uno de los mayores objetivos cumplidos por parte de nuestra empresa, de este modo nuestra organización logra la erradicación voluntaria de todas las hectáreas de coca en la región con el acompañamiento de entidades del estado y de carácter internacional, quienes apoyan con insumos y productos para la sustitución de coca por cacao entre otros; también se logra en el año2011 que San Pablo de Borbur gracias a su esfuerzo con la comunidad y en cabeza de ASOCACABO logre el premio 1º primer municipio libre de cultivos ilícitos en Colombia certificado por UNODC.",San Pablo de Borbur,Boyacá
2013,Asociación de Productores Agropecuarios “ASOPA” – Loro Uno,Sembramos Paz y Esperanza en nuestra Amazonía,"Fortalecer el sentido organizativo de los agricultores desde una visión social (base social–productores), técnica (implementación y ampliación de área sembrada en sistemas agroforestales contribuyendo a una recuperación de los daños ambientales ocasionados por los cultivos ilícitos), empresarial (fines organizativos y comerciales) capaz de demostrar que el cultivo de cacao es una alternativa de desarrollo económico y fortalecimiento a las economías campesinas locales; de planificación del desarrollo ( Capaz de identificar, planificar, implementar procesos de desarrollo y planificación de economías locales campesinas)",San Miguel,Putumayo
2013,Asociación de Productores Agropecuarios “ASOPA” – Loro Uno,Sembramos Paz y Esperanza en nuestra Amazonía,"Fortalecer el sentido organizativo de los agricultores desde una visión social (base social–productores), técnica (implementación y ampliación de área sembrada en sistemas agroforestales contribuyendo a una recuperación de los daños ambientales ocasionados por los cultivos ilícitos), empresarial (fines organizativos y comerciales) capaz de demostrar que el cultivo de cacao es una alternativa de desarrollo económico y fortalecimiento a las economías campesinas locales; de planificación del desarrollo ( Capaz de identificar, planificar, implementar procesos de desarrollo y planificación de economías locales campesinas)",Puerto Leguízamo,Putumayo
2013,Asociación de Productores Agropecuarios “ASOPA” – Loro Uno,Sembramos Paz y Esperanza en nuestra Amazonía,"Fortalecer el sentido organizativo de los agricultores desde una visión social (base social–productores), técnica (implementación y ampliación de área sembrada en sistemas agroforestales contribuyendo a una recuperación de los daños ambientales ocasionados por los cultivos ilícitos), empresarial (fines organizativos y comerciales) capaz de demostrar que el cultivo de cacao es una alternativa de desarrollo económico y fortalecimiento a las economías campesinas locales; de planificación del desarrollo ( Capaz de identificar, planificar, implementar procesos de desarrollo y planificación de economías locales campesinas)",Mocoa,Putumayo
2013,Asociación de Productores Agropecuarios “ASOPA” – Loro Uno,Sembramos Paz y Esperanza en nuestra Amazonía,"Fortalecer el sentido organizativo de los agricultores desde una visión social (base social–productores), técnica (implementación y ampliación de área sembrada en sistemas agroforestales contribuyendo a una recuperación de los daños ambientales ocasionados por los cultivos ilícitos), empresarial (fines organizativos y comerciales) capaz de demostrar que el cultivo de cacao es una alternativa de desarrollo económico y fortalecimiento a las economías campesinas locales; de planificación del desarrollo ( Capaz de identificar, planificar, implementar procesos de desarrollo y planificación de economías locales campesinas)",Valle del Guamuez,Putumayo
2013,"Federación Nacional de Comerciantes (Fenalco), seccional Atlántico",Minimarket 2x3 para la paz y la reconciliación,"Desarrollar un programa piloto de generación de ingresos para personas en proceso de reintegración, a través del montaje de microfranquicias de tiendas para la generación de ingresos rentables y sostenibles, que les permitan mantenerse en la legalidad y comunidad que los recibe.reconciliarse con la comunidad que los recibe.",Barranquilla,Atlantico
2013,"Federación Nacional de Comerciantes (Fenalco), seccional Atlántico",Minimarket 2x3 para la paz y la reconciliación,"Desarrollar un programa piloto de generación de ingresos para personas en proceso de reintegración, a través del montaje de microfranquicias de tiendas para la generación de ingresos rentables y sostenibles, que les permitan mantenerse en la legalidad y comunidad que los recibe.reconciliarse con la comunidad que los recibe.",Carmen de Bolívar ,Bolivar
2013,"Federación Nacional de Comerciantes (Fenalco), seccional Atlántico",Minimarket 2x3 para la paz y la reconciliación,"Desarrollar un programa piloto de generación de ingresos para personas en proceso de reintegración, a través del montaje de microfranquicias de tiendas para la generación de ingresos rentables y sostenibles, que les permitan mantenerse en la legalidad y comunidad que los recibe.reconciliarse con la comunidad que los recibe.",Corozal,Sucre
2013,"Federación Nacional de Comerciantes (Fenalco), seccional Atlántico",Minimarket 2x3 para la paz y la reconciliación,"Desarrollar un programa piloto de generación de ingresos para personas en proceso de reintegración, a través del montaje de microfranquicias de tiendas para la generación de ingresos rentables y sostenibles, que les permitan mantenerse en la legalidad y comunidad que los recibe.reconciliarse con la comunidad que los recibe.",Sincelejo,Sucre
2013,Universidad de la Salle,PROYECTO UTOPÍA,"El Proyecto Utopía persigue dos objetivos fundamentales: convertir a jóvenes bachilleres de zonas rurales afectadas por la violencia en Ingenieros Agrónomos con la mejor formación posible y con la metodología ‘aprender haciendo’ y ‘enseñar demostrando’; y, hacerlos líderes para la transformación sociopolítica y la empresarización productiva del campo en sus lugares de origen.",Caucasia,Antioquia
2013,Universidad de la Salle,PROYECTO UTOPÍA,"El Proyecto Utopía persigue dos objetivos fundamentales: convertir a jóvenes bachilleres de zonas rurales afectadas por la violencia en Ingenieros Agrónomos con la mejor formación posible y con la metodología ‘aprender haciendo’ y ‘enseñar demostrando’; y, hacerlos líderes para la transformación sociopolítica y la empresarización productiva del campo en sus lugares de origen.",Concordia,Antioquia
2013,Universidad de la Salle,PROYECTO UTOPÍA,"El Proyecto Utopía persigue dos objetivos fundamentales: convertir a jóvenes bachilleres de zonas rurales afectadas por la violencia en Ingenieros Agrónomos con la mejor formación posible y con la metodología ‘aprender haciendo’ y ‘enseñar demostrando’; y, hacerlos líderes para la transformación sociopolítica y la empresarización productiva del campo en sus lugares de origen.",Yolombó,Antioquia
2013,Universidad de la Salle,PROYECTO UTOPÍA,"El Proyecto Utopía persigue dos objetivos fundamentales: convertir a jóvenes bachilleres de zonas rurales afectadas por la violencia en Ingenieros Agrónomos con la mejor formación posible y con la metodología ‘aprender haciendo’ y ‘enseñar demostrando’; y, hacerlos líderes para la transformación sociopolítica y la empresarización productiva del campo en sus lugares de origen.",Andes,Antioquia
2013,Universidad de la Salle,PROYECTO UTOPÍA,"El Proyecto Utopía persigue dos objetivos fundamentales: convertir a jóvenes bachilleres de zonas rurales afectadas por la violencia en Ingenieros Agrónomos con la mejor formación posible y con la metodología ‘aprender haciendo’ y ‘enseñar demostrando’; y, hacerlos líderes para la transformación sociopolítica y la empresarización productiva del campo en sus lugares de origen.", Arauquita,Arauca
2013,Universidad de la Salle,PROYECTO UTOPÍA,"El Proyecto Utopía persigue dos objetivos fundamentales: convertir a jóvenes bachilleres de zonas rurales afectadas por la violencia en Ingenieros Agrónomos con la mejor formación posible y con la metodología ‘aprender haciendo’ y ‘enseñar demostrando’; y, hacerlos líderes para la transformación sociopolítica y la empresarización productiva del campo en sus lugares de origen.",Tame,Arauca
2013,Universidad de la Salle,PROYECTO UTOPÍA,"El Proyecto Utopía persigue dos objetivos fundamentales: convertir a jóvenes bachilleres de zonas rurales afectadas por la violencia en Ingenieros Agrónomos con la mejor formación posible y con la metodología ‘aprender haciendo’ y ‘enseñar demostrando’; y, hacerlos líderes para la transformación sociopolítica y la empresarización productiva del campo en sus lugares de origen.",Saravena,Arauca
2013,Universidad de la Salle,PROYECTO UTOPÍA,"El Proyecto Utopía persigue dos objetivos fundamentales: convertir a jóvenes bachilleres de zonas rurales afectadas por la violencia en Ingenieros Agrónomos con la mejor formación posible y con la metodología ‘aprender haciendo’ y ‘enseñar demostrando’; y, hacerlos líderes para la transformación sociopolítica y la empresarización productiva del campo en sus lugares de origen.",Arauca,Arauca
2013,Universidad de la Salle,PROYECTO UTOPÍA,"El Proyecto Utopía persigue dos objetivos fundamentales: convertir a jóvenes bachilleres de zonas rurales afectadas por la violencia en Ingenieros Agrónomos con la mejor formación posible y con la metodología ‘aprender haciendo’ y ‘enseñar demostrando’; y, hacerlos líderes para la transformación sociopolítica y la empresarización productiva del campo en sus lugares de origen.", Fortul,Arauca
2013,Universidad de la Salle,PROYECTO UTOPÍA,"El Proyecto Utopía persigue dos objetivos fundamentales: convertir a jóvenes bachilleres de zonas rurales afectadas por la violencia en Ingenieros Agrónomos con la mejor formación posible y con la metodología ‘aprender haciendo’ y ‘enseñar demostrando’; y, hacerlos líderes para la transformación sociopolítica y la empresarización productiva del campo en sus lugares de origen.",Cravo Norte,Arauca
2013,Universidad de la Salle,PROYECTO UTOPÍA,"El Proyecto Utopía persigue dos objetivos fundamentales: convertir a jóvenes bachilleres de zonas rurales afectadas por la violencia en Ingenieros Agrónomos con la mejor formación posible y con la metodología ‘aprender haciendo’ y ‘enseñar demostrando’; y, hacerlos líderes para la transformación sociopolítica y la empresarización productiva del campo en sus lugares de origen.",Córdoba,Bolívar
2013,Universidad de la Salle,PROYECTO UTOPÍA,"El Proyecto Utopía persigue dos objetivos fundamentales: convertir a jóvenes bachilleres de zonas rurales afectadas por la violencia en Ingenieros Agrónomos con la mejor formación posible y con la metodología ‘aprender haciendo’ y ‘enseñar demostrando’; y, hacerlos líderes para la transformación sociopolítica y la empresarización productiva del campo en sus lugares de origen.",El Carmen de Bolívar,Bolívar
2013,Universidad de la Salle,PROYECTO UTOPÍA,"El Proyecto Utopía persigue dos objetivos fundamentales: convertir a jóvenes bachilleres de zonas rurales afectadas por la violencia en Ingenieros Agrónomos con la mejor formación posible y con la metodología ‘aprender haciendo’ y ‘enseñar demostrando’; y, hacerlos líderes para la transformación sociopolítica y la empresarización productiva del campo en sus lugares de origen.",Achí,Bolívar
2013,Universidad de la Salle,PROYECTO UTOPÍA,"El Proyecto Utopía persigue dos objetivos fundamentales: convertir a jóvenes bachilleres de zonas rurales afectadas por la violencia en Ingenieros Agrónomos con la mejor formación posible y con la metodología ‘aprender haciendo’ y ‘enseñar demostrando’; y, hacerlos líderes para la transformación sociopolítica y la empresarización productiva del campo en sus lugares de origen.",Montecristo,Bolívar
2013,Universidad de la Salle,PROYECTO UTOPÍA,"El Proyecto Utopía persigue dos objetivos fundamentales: convertir a jóvenes bachilleres de zonas rurales afectadas por la violencia en Ingenieros Agrónomos con la mejor formación posible y con la metodología ‘aprender haciendo’ y ‘enseñar demostrando’; y, hacerlos líderes para la transformación sociopolítica y la empresarización productiva del campo en sus lugares de origen.",Campohermoso,Boyacá
2013,Universidad de la Salle,PROYECTO UTOPÍA,"El Proyecto Utopía persigue dos objetivos fundamentales: convertir a jóvenes bachilleres de zonas rurales afectadas por la violencia en Ingenieros Agrónomos con la mejor formación posible y con la metodología ‘aprender haciendo’ y ‘enseñar demostrando’; y, hacerlos líderes para la transformación sociopolítica y la empresarización productiva del campo en sus lugares de origen.",San Vicente del Caguán,Caquetá
2013,Universidad de la Salle,PROYECTO UTOPÍA,"El Proyecto Utopía persigue dos objetivos fundamentales: convertir a jóvenes bachilleres de zonas rurales afectadas por la violencia en Ingenieros Agrónomos con la mejor formación posible y con la metodología ‘aprender haciendo’ y ‘enseñar demostrando’; y, hacerlos líderes para la transformación sociopolítica y la empresarización productiva del campo en sus lugares de origen.", Puerto Rico,Caquetá
2013,Universidad de la Salle,PROYECTO UTOPÍA,"El Proyecto Utopía persigue dos objetivos fundamentales: convertir a jóvenes bachilleres de zonas rurales afectadas por la violencia en Ingenieros Agrónomos con la mejor formación posible y con la metodología ‘aprender haciendo’ y ‘enseñar demostrando’; y, hacerlos líderes para la transformación sociopolítica y la empresarización productiva del campo en sus lugares de origen.", Área rural de Florencia ,Caquetá
2013,Universidad de la Salle,PROYECTO UTOPÍA,"El Proyecto Utopía persigue dos objetivos fundamentales: convertir a jóvenes bachilleres de zonas rurales afectadas por la violencia en Ingenieros Agrónomos con la mejor formación posible y con la metodología ‘aprender haciendo’ y ‘enseñar demostrando’; y, hacerlos líderes para la transformación sociopolítica y la empresarización productiva del campo en sus lugares de origen.",Chámeza,Casanare
2013,Universidad de la Salle,PROYECTO UTOPÍA,"El Proyecto Utopía persigue dos objetivos fundamentales: convertir a jóvenes bachilleres de zonas rurales afectadas por la violencia en Ingenieros Agrónomos con la mejor formación posible y con la metodología ‘aprender haciendo’ y ‘enseñar demostrando’; y, hacerlos líderes para la transformación sociopolítica y la empresarización productiva del campo en sus lugares de origen.", La Salina,Casanare
2013,Universidad de la Salle,PROYECTO UTOPÍA,"El Proyecto Utopía persigue dos objetivos fundamentales: convertir a jóvenes bachilleres de zonas rurales afectadas por la violencia en Ingenieros Agrónomos con la mejor formación posible y con la metodología ‘aprender haciendo’ y ‘enseñar demostrando’; y, hacerlos líderes para la transformación sociopolítica y la empresarización productiva del campo en sus lugares de origen.", Maní,Casanare
2013,Universidad de la Salle,PROYECTO UTOPÍA,"El Proyecto Utopía persigue dos objetivos fundamentales: convertir a jóvenes bachilleres de zonas rurales afectadas por la violencia en Ingenieros Agrónomos con la mejor formación posible y con la metodología ‘aprender haciendo’ y ‘enseñar demostrando’; y, hacerlos líderes para la transformación sociopolítica y la empresarización productiva del campo en sus lugares de origen.", Nunchía,Casanare
2013,Universidad de la Salle,PROYECTO UTOPÍA,"El Proyecto Utopía persigue dos objetivos fundamentales: convertir a jóvenes bachilleres de zonas rurales afectadas por la violencia en Ingenieros Agrónomos con la mejor formación posible y con la metodología ‘aprender haciendo’ y ‘enseñar demostrando’; y, hacerlos líderes para la transformación sociopolítica y la empresarización productiva del campo en sus lugares de origen.",Paz de Ariporo,Casanare
2013,Universidad de la Salle,PROYECTO UTOPÍA,"El Proyecto Utopía persigue dos objetivos fundamentales: convertir a jóvenes bachilleres de zonas rurales afectadas por la violencia en Ingenieros Agrónomos con la mejor formación posible y con la metodología ‘aprender haciendo’ y ‘enseñar demostrando’; y, hacerlos líderes para la transformación sociopolítica y la empresarización productiva del campo en sus lugares de origen.",Pore,Casanare
2013,Universidad de la Salle,PROYECTO UTOPÍA,"El Proyecto Utopía persigue dos objetivos fundamentales: convertir a jóvenes bachilleres de zonas rurales afectadas por la violencia en Ingenieros Agrónomos con la mejor formación posible y con la metodología ‘aprender haciendo’ y ‘enseñar demostrando’; y, hacerlos líderes para la transformación sociopolítica y la empresarización productiva del campo en sus lugares de origen.",Sabanalarga,Casanare
2013,Universidad de la Salle,PROYECTO UTOPÍA,"El Proyecto Utopía persigue dos objetivos fundamentales: convertir a jóvenes bachilleres de zonas rurales afectadas por la violencia en Ingenieros Agrónomos con la mejor formación posible y con la metodología ‘aprender haciendo’ y ‘enseñar demostrando’; y, hacerlos líderes para la transformación sociopolítica y la empresarización productiva del campo en sus lugares de origen.",San Luis de Palenque,Casanare
2013,Universidad de la Salle,PROYECTO UTOPÍA,"El Proyecto Utopía persigue dos objetivos fundamentales: convertir a jóvenes bachilleres de zonas rurales afectadas por la violencia en Ingenieros Agrónomos con la mejor formación posible y con la metodología ‘aprender haciendo’ y ‘enseñar demostrando’; y, hacerlos líderes para la transformación sociopolítica y la empresarización productiva del campo en sus lugares de origen.",Tauramena,Casanare
2013,Universidad de la Salle,PROYECTO UTOPÍA,"El Proyecto Utopía persigue dos objetivos fundamentales: convertir a jóvenes bachilleres de zonas rurales afectadas por la violencia en Ingenieros Agrónomos con la mejor formación posible y con la metodología ‘aprender haciendo’ y ‘enseñar demostrando’; y, hacerlos líderes para la transformación sociopolítica y la empresarización productiva del campo en sus lugares de origen.",Trinidad,Casanare
2013,Universidad de la Salle,PROYECTO UTOPÍA,"El Proyecto Utopía persigue dos objetivos fundamentales: convertir a jóvenes bachilleres de zonas rurales afectadas por la violencia en Ingenieros Agrónomos con la mejor formación posible y con la metodología ‘aprender haciendo’ y ‘enseñar demostrando’; y, hacerlos líderes para la transformación sociopolítica y la empresarización productiva del campo en sus lugares de origen.",Villanueva,Casanare
2013,Universidad de la Salle,PROYECTO UTOPÍA,"El Proyecto Utopía persigue dos objetivos fundamentales: convertir a jóvenes bachilleres de zonas rurales afectadas por la violencia en Ingenieros Agrónomos con la mejor formación posible y con la metodología ‘aprender haciendo’ y ‘enseñar demostrando’; y, hacerlos líderes para la transformación sociopolítica y la empresarización productiva del campo en sus lugares de origen.",El Yopal,Casanare
2013,Universidad de la Salle,PROYECTO UTOPÍA,"El Proyecto Utopía persigue dos objetivos fundamentales: convertir a jóvenes bachilleres de zonas rurales afectadas por la violencia en Ingenieros Agrónomos con la mejor formación posible y con la metodología ‘aprender haciendo’ y ‘enseñar demostrando’; y, hacerlos líderes para la transformación sociopolítica y la empresarización productiva del campo en sus lugares de origen.",Tamara,Casanare
2013,Universidad de la Salle,PROYECTO UTOPÍA,"El Proyecto Utopía persigue dos objetivos fundamentales: convertir a jóvenes bachilleres de zonas rurales afectadas por la violencia en Ingenieros Agrónomos con la mejor formación posible y con la metodología ‘aprender haciendo’ y ‘enseñar demostrando’; y, hacerlos líderes para la transformación sociopolítica y la empresarización productiva del campo en sus lugares de origen.",Orocué ,Casanare
2013,Universidad de la Salle,PROYECTO UTOPÍA,"El Proyecto Utopía persigue dos objetivos fundamentales: convertir a jóvenes bachilleres de zonas rurales afectadas por la violencia en Ingenieros Agrónomos con la mejor formación posible y con la metodología ‘aprender haciendo’ y ‘enseñar demostrando’; y, hacerlos líderes para la transformación sociopolítica y la empresarización productiva del campo en sus lugares de origen.", Patía,Cauca
2013,Universidad de la Salle,PROYECTO UTOPÍA,"El Proyecto Utopía persigue dos objetivos fundamentales: convertir a jóvenes bachilleres de zonas rurales afectadas por la violencia en Ingenieros Agrónomos con la mejor formación posible y con la metodología ‘aprender haciendo’ y ‘enseñar demostrando’; y, hacerlos líderes para la transformación sociopolítica y la empresarización productiva del campo en sus lugares de origen.",Cachipay,Cundinamarca
2013,Universidad de la Salle,PROYECTO UTOPÍA,"El Proyecto Utopía persigue dos objetivos fundamentales: convertir a jóvenes bachilleres de zonas rurales afectadas por la violencia en Ingenieros Agrónomos con la mejor formación posible y con la metodología ‘aprender haciendo’ y ‘enseñar demostrando’; y, hacerlos líderes para la transformación sociopolítica y la empresarización productiva del campo en sus lugares de origen.",Montelíbano,Córdoba
2013,Universidad de la Salle,PROYECTO UTOPÍA,"El Proyecto Utopía persigue dos objetivos fundamentales: convertir a jóvenes bachilleres de zonas rurales afectadas por la violencia en Ingenieros Agrónomos con la mejor formación posible y con la metodología ‘aprender haciendo’ y ‘enseñar demostrando’; y, hacerlos líderes para la transformación sociopolítica y la empresarización productiva del campo en sus lugares de origen.",Puerto Libertador,Córdoba
2013,Universidad de la Salle,PROYECTO UTOPÍA,"El Proyecto Utopía persigue dos objetivos fundamentales: convertir a jóvenes bachilleres de zonas rurales afectadas por la violencia en Ingenieros Agrónomos con la mejor formación posible y con la metodología ‘aprender haciendo’ y ‘enseñar demostrando’; y, hacerlos líderes para la transformación sociopolítica y la empresarización productiva del campo en sus lugares de origen.",Tadó,Chocó
2013,Universidad de la Salle,PROYECTO UTOPÍA,"El Proyecto Utopía persigue dos objetivos fundamentales: convertir a jóvenes bachilleres de zonas rurales afectadas por la violencia en Ingenieros Agrónomos con la mejor formación posible y con la metodología ‘aprender haciendo’ y ‘enseñar demostrando’; y, hacerlos líderes para la transformación sociopolítica y la empresarización productiva del campo en sus lugares de origen.",El Carmen de Atrato,Chocó
2013,Universidad de la Salle,PROYECTO UTOPÍA,"El Proyecto Utopía persigue dos objetivos fundamentales: convertir a jóvenes bachilleres de zonas rurales afectadas por la violencia en Ingenieros Agrónomos con la mejor formación posible y con la metodología ‘aprender haciendo’ y ‘enseñar demostrando’; y, hacerlos líderes para la transformación sociopolítica y la empresarización productiva del campo en sus lugares de origen.",Condoto,Chocó
2013,Universidad de la Salle,PROYECTO UTOPÍA,"El Proyecto Utopía persigue dos objetivos fundamentales: convertir a jóvenes bachilleres de zonas rurales afectadas por la violencia en Ingenieros Agrónomos con la mejor formación posible y con la metodología ‘aprender haciendo’ y ‘enseñar demostrando’; y, hacerlos líderes para la transformación sociopolítica y la empresarización productiva del campo en sus lugares de origen.",Cubarral,Meta
2013,Universidad de la Salle,PROYECTO UTOPÍA,"El Proyecto Utopía persigue dos objetivos fundamentales: convertir a jóvenes bachilleres de zonas rurales afectadas por la violencia en Ingenieros Agrónomos con la mejor formación posible y con la metodología ‘aprender haciendo’ y ‘enseñar demostrando’; y, hacerlos líderes para la transformación sociopolítica y la empresarización productiva del campo en sus lugares de origen.",Cumaral,Meta
2013,Universidad de la Salle,PROYECTO UTOPÍA,"El Proyecto Utopía persigue dos objetivos fundamentales: convertir a jóvenes bachilleres de zonas rurales afectadas por la violencia en Ingenieros Agrónomos con la mejor formación posible y con la metodología ‘aprender haciendo’ y ‘enseñar demostrando’; y, hacerlos líderes para la transformación sociopolítica y la empresarización productiva del campo en sus lugares de origen.",El Castillo,Meta
2013,Universidad de la Salle,PROYECTO UTOPÍA,"El Proyecto Utopía persigue dos objetivos fundamentales: convertir a jóvenes bachilleres de zonas rurales afectadas por la violencia en Ingenieros Agrónomos con la mejor formación posible y con la metodología ‘aprender haciendo’ y ‘enseñar demostrando’; y, hacerlos líderes para la transformación sociopolítica y la empresarización productiva del campo en sus lugares de origen.",Granada,Meta
2013,Universidad de la Salle,PROYECTO UTOPÍA,"El Proyecto Utopía persigue dos objetivos fundamentales: convertir a jóvenes bachilleres de zonas rurales afectadas por la violencia en Ingenieros Agrónomos con la mejor formación posible y con la metodología ‘aprender haciendo’ y ‘enseñar demostrando’; y, hacerlos líderes para la transformación sociopolítica y la empresarización productiva del campo en sus lugares de origen.",Uribe,Meta
2013,Universidad de la Salle,PROYECTO UTOPÍA,"El Proyecto Utopía persigue dos objetivos fundamentales: convertir a jóvenes bachilleres de zonas rurales afectadas por la violencia en Ingenieros Agrónomos con la mejor formación posible y con la metodología ‘aprender haciendo’ y ‘enseñar demostrando’; y, hacerlos líderes para la transformación sociopolítica y la empresarización productiva del campo en sus lugares de origen.", Mesetas,Meta
2013,Universidad de la Salle,PROYECTO UTOPÍA,"El Proyecto Utopía persigue dos objetivos fundamentales: convertir a jóvenes bachilleres de zonas rurales afectadas por la violencia en Ingenieros Agrónomos con la mejor formación posible y con la metodología ‘aprender haciendo’ y ‘enseñar demostrando’; y, hacerlos líderes para la transformación sociopolítica y la empresarización productiva del campo en sus lugares de origen.",Puerto Gaitán,Meta
2013,Universidad de la Salle,PROYECTO UTOPÍA,"El Proyecto Utopía persigue dos objetivos fundamentales: convertir a jóvenes bachilleres de zonas rurales afectadas por la violencia en Ingenieros Agrónomos con la mejor formación posible y con la metodología ‘aprender haciendo’ y ‘enseñar demostrando’; y, hacerlos líderes para la transformación sociopolítica y la empresarización productiva del campo en sus lugares de origen.",San Carlos de Guaroa,Meta
2013,Universidad de la Salle,PROYECTO UTOPÍA,"El Proyecto Utopía persigue dos objetivos fundamentales: convertir a jóvenes bachilleres de zonas rurales afectadas por la violencia en Ingenieros Agrónomos con la mejor formación posible y con la metodología ‘aprender haciendo’ y ‘enseñar demostrando’; y, hacerlos líderes para la transformación sociopolítica y la empresarización productiva del campo en sus lugares de origen.",Vistahermosa,Meta
2013,Universidad de la Salle,PROYECTO UTOPÍA,"El Proyecto Utopía persigue dos objetivos fundamentales: convertir a jóvenes bachilleres de zonas rurales afectadas por la violencia en Ingenieros Agrónomos con la mejor formación posible y con la metodología ‘aprender haciendo’ y ‘enseñar demostrando’; y, hacerlos líderes para la transformación sociopolítica y la empresarización productiva del campo en sus lugares de origen.",Puerto Gaitán,Meta
2013,Universidad de la Salle,PROYECTO UTOPÍA,"El Proyecto Utopía persigue dos objetivos fundamentales: convertir a jóvenes bachilleres de zonas rurales afectadas por la violencia en Ingenieros Agrónomos con la mejor formación posible y con la metodología ‘aprender haciendo’ y ‘enseñar demostrando’; y, hacerlos líderes para la transformación sociopolítica y la empresarización productiva del campo en sus lugares de origen.",El Tarra,Norte de Santander
2013,Universidad de la Salle,PROYECTO UTOPÍA,"El Proyecto Utopía persigue dos objetivos fundamentales: convertir a jóvenes bachilleres de zonas rurales afectadas por la violencia en Ingenieros Agrónomos con la mejor formación posible y con la metodología ‘aprender haciendo’ y ‘enseñar demostrando’; y, hacerlos líderes para la transformación sociopolítica y la empresarización productiva del campo en sus lugares de origen.", Puerto Santander,Norte de Santander
2013,Universidad de la Salle,PROYECTO UTOPÍA,"El Proyecto Utopía persigue dos objetivos fundamentales: convertir a jóvenes bachilleres de zonas rurales afectadas por la violencia en Ingenieros Agrónomos con la mejor formación posible y con la metodología ‘aprender haciendo’ y ‘enseñar demostrando’; y, hacerlos líderes para la transformación sociopolítica y la empresarización productiva del campo en sus lugares de origen.", Sardinata,Norte de Santander
2013,Universidad de la Salle,PROYECTO UTOPÍA,"El Proyecto Utopía persigue dos objetivos fundamentales: convertir a jóvenes bachilleres de zonas rurales afectadas por la violencia en Ingenieros Agrónomos con la mejor formación posible y con la metodología ‘aprender haciendo’ y ‘enseñar demostrando’; y, hacerlos líderes para la transformación sociopolítica y la empresarización productiva del campo en sus lugares de origen.",Tibú,Norte de Santander
2013,Universidad de la Salle,PROYECTO UTOPÍA,"El Proyecto Utopía persigue dos objetivos fundamentales: convertir a jóvenes bachilleres de zonas rurales afectadas por la violencia en Ingenieros Agrónomos con la mejor formación posible y con la metodología ‘aprender haciendo’ y ‘enseñar demostrando’; y, hacerlos líderes para la transformación sociopolítica y la empresarización productiva del campo en sus lugares de origen.", Chinácota,Norte de Santander
2013,Universidad de la Salle,PROYECTO UTOPÍA,"El Proyecto Utopía persigue dos objetivos fundamentales: convertir a jóvenes bachilleres de zonas rurales afectadas por la violencia en Ingenieros Agrónomos con la mejor formación posible y con la metodología ‘aprender haciendo’ y ‘enseñar demostrando’; y, hacerlos líderes para la transformación sociopolítica y la empresarización productiva del campo en sus lugares de origen.", Área rural de Cúcuta,Norte de Santander
2013,Universidad de la Salle,PROYECTO UTOPÍA,"El Proyecto Utopía persigue dos objetivos fundamentales: convertir a jóvenes bachilleres de zonas rurales afectadas por la violencia en Ingenieros Agrónomos con la mejor formación posible y con la metodología ‘aprender haciendo’ y ‘enseñar demostrando’; y, hacerlos líderes para la transformación sociopolítica y la empresarización productiva del campo en sus lugares de origen.", Teorama,Norte de Santander
2013,Universidad de la Salle,PROYECTO UTOPÍA,"El Proyecto Utopía persigue dos objetivos fundamentales: convertir a jóvenes bachilleres de zonas rurales afectadas por la violencia en Ingenieros Agrónomos con la mejor formación posible y con la metodología ‘aprender haciendo’ y ‘enseñar demostrando’; y, hacerlos líderes para la transformación sociopolítica y la empresarización productiva del campo en sus lugares de origen.", Landázuri,Santander
2013,Universidad de la Salle,PROYECTO UTOPÍA,"El Proyecto Utopía persigue dos objetivos fundamentales: convertir a jóvenes bachilleres de zonas rurales afectadas por la violencia en Ingenieros Agrónomos con la mejor formación posible y con la metodología ‘aprender haciendo’ y ‘enseñar demostrando’; y, hacerlos líderes para la transformación sociopolítica y la empresarización productiva del campo en sus lugares de origen.", Guadalupe,Santander
2013,Universidad de la Salle,PROYECTO UTOPÍA,"El Proyecto Utopía persigue dos objetivos fundamentales: convertir a jóvenes bachilleres de zonas rurales afectadas por la violencia en Ingenieros Agrónomos con la mejor formación posible y con la metodología ‘aprender haciendo’ y ‘enseñar demostrando’; y, hacerlos líderes para la transformación sociopolítica y la empresarización productiva del campo en sus lugares de origen.", La Mojana,Sucre
2013,Universidad de la Salle,PROYECTO UTOPÍA,"El Proyecto Utopía persigue dos objetivos fundamentales: convertir a jóvenes bachilleres de zonas rurales afectadas por la violencia en Ingenieros Agrónomos con la mejor formación posible y con la metodología ‘aprender haciendo’ y ‘enseñar demostrando’; y, hacerlos líderes para la transformación sociopolítica y la empresarización productiva del campo en sus lugares de origen.",Majagual,Sucre
2013,Universidad de la Salle,PROYECTO UTOPÍA,"El Proyecto Utopía persigue dos objetivos fundamentales: convertir a jóvenes bachilleres de zonas rurales afectadas por la violencia en Ingenieros Agrónomos con la mejor formación posible y con la metodología ‘aprender haciendo’ y ‘enseñar demostrando’; y, hacerlos líderes para la transformación sociopolítica y la empresarización productiva del campo en sus lugares de origen.",Ovejas,Sucre
2013,Universidad de la Salle,PROYECTO UTOPÍA,"El Proyecto Utopía persigue dos objetivos fundamentales: convertir a jóvenes bachilleres de zonas rurales afectadas por la violencia en Ingenieros Agrónomos con la mejor formación posible y con la metodología ‘aprender haciendo’ y ‘enseñar demostrando’; y, hacerlos líderes para la transformación sociopolítica y la empresarización productiva del campo en sus lugares de origen.", Palmitos,Sucre
2013,Universidad de la Salle,PROYECTO UTOPÍA,"El Proyecto Utopía persigue dos objetivos fundamentales: convertir a jóvenes bachilleres de zonas rurales afectadas por la violencia en Ingenieros Agrónomos con la mejor formación posible y con la metodología ‘aprender haciendo’ y ‘enseñar demostrando’; y, hacerlos líderes para la transformación sociopolítica y la empresarización productiva del campo en sus lugares de origen.",San Antonio de Palmito,Sucre
2013,Universidad de la Salle,PROYECTO UTOPÍA,"El Proyecto Utopía persigue dos objetivos fundamentales: convertir a jóvenes bachilleres de zonas rurales afectadas por la violencia en Ingenieros Agrónomos con la mejor formación posible y con la metodología ‘aprender haciendo’ y ‘enseñar demostrando’; y, hacerlos líderes para la transformación sociopolítica y la empresarización productiva del campo en sus lugares de origen.",San Juan de Betulia,Sucre
2013,Universidad de la Salle,PROYECTO UTOPÍA,"El Proyecto Utopía persigue dos objetivos fundamentales: convertir a jóvenes bachilleres de zonas rurales afectadas por la violencia en Ingenieros Agrónomos con la mejor formación posible y con la metodología ‘aprender haciendo’ y ‘enseñar demostrando’; y, hacerlos líderes para la transformación sociopolítica y la empresarización productiva del campo en sus lugares de origen.", San Onofre,Sucre
2013,Universidad de la Salle,PROYECTO UTOPÍA,"El Proyecto Utopía persigue dos objetivos fundamentales: convertir a jóvenes bachilleres de zonas rurales afectadas por la violencia en Ingenieros Agrónomos con la mejor formación posible y con la metodología ‘aprender haciendo’ y ‘enseñar demostrando’; y, hacerlos líderes para la transformación sociopolítica y la empresarización productiva del campo en sus lugares de origen.", Sucre,Sucre
2013,Universidad de la Salle,PROYECTO UTOPÍA,"El Proyecto Utopía persigue dos objetivos fundamentales: convertir a jóvenes bachilleres de zonas rurales afectadas por la violencia en Ingenieros Agrónomos con la mejor formación posible y con la metodología ‘aprender haciendo’ y ‘enseñar demostrando’; y, hacerlos líderes para la transformación sociopolítica y la empresarización productiva del campo en sus lugares de origen.",Toluviejo ,Sucre
2013,Universidad de la Salle,PROYECTO UTOPÍA,"El Proyecto Utopía persigue dos objetivos fundamentales: convertir a jóvenes bachilleres de zonas rurales afectadas por la violencia en Ingenieros Agrónomos con la mejor formación posible y con la metodología ‘aprender haciendo’ y ‘enseñar demostrando’; y, hacerlos líderes para la transformación sociopolítica y la empresarización productiva del campo en sus lugares de origen.", Chaparral,Tolima
2013,Universidad de la Salle,PROYECTO UTOPÍA,"El Proyecto Utopía persigue dos objetivos fundamentales: convertir a jóvenes bachilleres de zonas rurales afectadas por la violencia en Ingenieros Agrónomos con la mejor formación posible y con la metodología ‘aprender haciendo’ y ‘enseñar demostrando’; y, hacerlos líderes para la transformación sociopolítica y la empresarización productiva del campo en sus lugares de origen.",Planadas,Tolima
2013,Universidad de la Salle,PROYECTO UTOPÍA,"El Proyecto Utopía persigue dos objetivos fundamentales: convertir a jóvenes bachilleres de zonas rurales afectadas por la violencia en Ingenieros Agrónomos con la mejor formación posible y con la metodología ‘aprender haciendo’ y ‘enseñar demostrando’; y, hacerlos líderes para la transformación sociopolítica y la empresarización productiva del campo en sus lugares de origen.", Florida,Valle del Cauca
2013,Universidad de la Salle,PROYECTO UTOPÍA,"El Proyecto Utopía persigue dos objetivos fundamentales: convertir a jóvenes bachilleres de zonas rurales afectadas por la violencia en Ingenieros Agrónomos con la mejor formación posible y con la metodología ‘aprender haciendo’ y ‘enseñar demostrando’; y, hacerlos líderes para la transformación sociopolítica y la empresarización productiva del campo en sus lugares de origen.",Dagua,Valle del Cauca
2013,Universidad de la Salle,PROYECTO UTOPÍA,"El Proyecto Utopía persigue dos objetivos fundamentales: convertir a jóvenes bachilleres de zonas rurales afectadas por la violencia en Ingenieros Agrónomos con la mejor formación posible y con la metodología ‘aprender haciendo’ y ‘enseñar demostrando’; y, hacerlos líderes para la transformación sociopolítica y la empresarización productiva del campo en sus lugares de origen.", Cumaribo,Vichada
2013,Universidad de la Salle,PROYECTO UTOPÍA,"El Proyecto Utopía persigue dos objetivos fundamentales: convertir a jóvenes bachilleres de zonas rurales afectadas por la violencia en Ingenieros Agrónomos con la mejor formación posible y con la metodología ‘aprender haciendo’ y ‘enseñar demostrando’; y, hacerlos líderes para la transformación sociopolítica y la empresarización productiva del campo en sus lugares de origen.",La Primavera,Vichada
2013,Universidad de la Salle,PROYECTO UTOPÍA,"El Proyecto Utopía persigue dos objetivos fundamentales: convertir a jóvenes bachilleres de zonas rurales afectadas por la violencia en Ingenieros Agrónomos con la mejor formación posible y con la metodología ‘aprender haciendo’ y ‘enseñar demostrando’; y, hacerlos líderes para la transformación sociopolítica y la empresarización productiva del campo en sus lugares de origen.",Puerto Carreño,Vichada
2013,Universidad de la Salle,PROYECTO UTOPÍA,"El Proyecto Utopía persigue dos objetivos fundamentales: convertir a jóvenes bachilleres de zonas rurales afectadas por la violencia en Ingenieros Agrónomos con la mejor formación posible y con la metodología ‘aprender haciendo’ y ‘enseñar demostrando’; y, hacerlos líderes para la transformación sociopolítica y la empresarización productiva del campo en sus lugares de origen.", Santa Rosalía,Vichada
2013,Universidad de la Salle,PROYECTO UTOPÍA,"El Proyecto Utopía persigue dos objetivos fundamentales: convertir a jóvenes bachilleres de zonas rurales afectadas por la violencia en Ingenieros Agrónomos con la mejor formación posible y con la metodología ‘aprender haciendo’ y ‘enseñar demostrando’; y, hacerlos líderes para la transformación sociopolítica y la empresarización productiva del campo en sus lugares de origen.",La Hormiga,Putumayo
2013,Universidad de la Salle,PROYECTO UTOPÍA,"El Proyecto Utopía persigue dos objetivos fundamentales: convertir a jóvenes bachilleres de zonas rurales afectadas por la violencia en Ingenieros Agrónomos con la mejor formación posible y con la metodología ‘aprender haciendo’ y ‘enseñar demostrando’; y, hacerlos líderes para la transformación sociopolítica y la empresarización productiva del campo en sus lugares de origen.",Orito,Putumayo
2013,Universidad de la Salle,PROYECTO UTOPÍA,"El Proyecto Utopía persigue dos objetivos fundamentales: convertir a jóvenes bachilleres de zonas rurales afectadas por la violencia en Ingenieros Agrónomos con la mejor formación posible y con la metodología ‘aprender haciendo’ y ‘enseñar demostrando’; y, hacerlos líderes para la transformación sociopolítica y la empresarización productiva del campo en sus lugares de origen.",San Miguel ,Putumayo
2012,Asociación de Desarrollo Alternativo del Urabá y el Darién Colombiano – ASOCIACIÓN GUARDAGOLFO.,Familias Guardagolfo: “Pescando sueños de paz”,"Fortalecer a las organizaciones de base, en sus distintas líneas productivas (pesca artesanal, turismo de naturaleza, artesanías, caucho natural y apicultura), orientando acciones en para el mejoramiento productivo, de transformación y comercialización aplicando  parámetros de producción responsable y respetuosa del medio ambiente acorde a las condiciones geográficas, ambientales y sociales del golfo y garantizando la generación de ingresos dentro del marco de la legalidad de acuerdo a las características regionales y sociales de la región.",Acandí,Chocó
2012,Asociación de Desarrollo Alternativo del Urabá y el Darién Colombiano – ASOCIACIÓN GUARDAGOLFO.,Familias Guardagolfo: “Pescando sueños de paz”,"Fortalecer a las organizaciones de base, en sus distintas líneas productivas (pesca artesanal, turismo de naturaleza, artesanías, caucho natural y apicultura), orientando acciones en para el mejoramiento productivo, de transformación y comercialización aplicando  parámetros de producción responsable y respetuosa del medio ambiente acorde a las condiciones geográficas, ambientales y sociales del golfo y garantizando la generación de ingresos dentro del marco de la legalidad de acuerdo a las características regionales y sociales de la región.", Unguía,Chocó
2012,Asociación de Desarrollo Alternativo del Urabá y el Darién Colombiano – ASOCIACIÓN GUARDAGOLFO.,Familias Guardagolfo: “Pescando sueños de paz”,"Fortalecer a las organizaciones de base, en sus distintas líneas productivas (pesca artesanal, turismo de naturaleza, artesanías, caucho natural y apicultura), orientando acciones en para el mejoramiento productivo, de transformación y comercialización aplicando  parámetros de producción responsable y respetuosa del medio ambiente acorde a las condiciones geográficas, ambientales y sociales del golfo y garantizando la generación de ingresos dentro del marco de la legalidad de acuerdo a las características regionales y sociales de la región.", Turbo,Antioquia
2012,Asociación de Desarrollo Alternativo del Urabá y el Darién Colombiano – ASOCIACIÓN GUARDAGOLFO.,Familias Guardagolfo: “Pescando sueños de paz”,"Fortalecer a las organizaciones de base, en sus distintas líneas productivas (pesca artesanal, turismo de naturaleza, artesanías, caucho natural y apicultura), orientando acciones en para el mejoramiento productivo, de transformación y comercialización aplicando  parámetros de producción responsable y respetuosa del medio ambiente acorde a las condiciones geográficas, ambientales y sociales del golfo y garantizando la generación de ingresos dentro del marco de la legalidad de acuerdo a las características regionales y sociales de la región.",Necoclí,Antioquia
2012,Asociación de Desarrollo Alternativo del Urabá y el Darién Colombiano – ASOCIACIÓN GUARDAGOLFO.,Familias Guardagolfo: “Pescando sueños de paz”,"Fortalecer a las organizaciones de base, en sus distintas líneas productivas (pesca artesanal, turismo de naturaleza, artesanías, caucho natural y apicultura), orientando acciones en para el mejoramiento productivo, de transformación y comercialización aplicando  parámetros de producción responsable y respetuosa del medio ambiente acorde a las condiciones geográficas, ambientales y sociales del golfo y garantizando la generación de ingresos dentro del marco de la legalidad de acuerdo a las características regionales y sociales de la región.",San Juan de Uraba ,Antioquia
2012,Asociación de Desarrollo Alternativo del Urabá y el Darién Colombiano – ASOCIACIÓN GUARDAGOLFO.,Familias Guardagolfo: “Pescando sueños de paz”,"Fortalecer a las organizaciones de base, en sus distintas líneas productivas (pesca artesanal, turismo de naturaleza, artesanías, caucho natural y apicultura), orientando acciones en para el mejoramiento productivo, de transformación y comercialización aplicando  parámetros de producción responsable y respetuosa del medio ambiente acorde a las condiciones geográficas, ambientales y sociales del golfo y garantizando la generación de ingresos dentro del marco de la legalidad de acuerdo a las características regionales y sociales de la región.",Arboletes,Antioquia
2012,Asociación de Desarrollo Alternativo del Urabá y el Darién Colombiano – ASOCIACIÓN GUARDAGOLFO.,Familias Guardagolfo: “Pescando sueños de paz”,"Fortalecer a las organizaciones de base, en sus distintas líneas productivas (pesca artesanal, turismo de naturaleza, artesanías, caucho natural y apicultura), orientando acciones en para el mejoramiento productivo, de transformación y comercialización aplicando  parámetros de producción responsable y respetuosa del medio ambiente acorde a las condiciones geográficas, ambientales y sociales del golfo y garantizando la generación de ingresos dentro del marco de la legalidad de acuerdo a las características regionales y sociales de la región.",Las Córdobas,Córdoba
2012,Asociación municipal de cacaocultores Anorí,Chocolates Anorí,"Promover el desarrollo alternativo de comunidades campesinas en zonas donde se han sustituido cultivos de uso ilícito, a través de la producción y comercialización del cacao y sus derivados. Trabajar por la reconstrucción del tejido social y organizativo de los pequeños productores de la región.",Anorí,Antioquia
2012,"Corporación de Desarrollo Productivo del Cuero, Calzado y Marroquinería “CDP DEL CUERO”",Programa Taller Escuela,"El objetivo de la iniciativa es fomentar el acceso al entorno laboral de población vulnerable al conflicto, a través de la producción de calzado, con el fin de mejorar sus condiciones de vida y la de sus familias.",Cali ,Valle del Cauca
2012,"Corporación de Desarrollo Productivo del Cuero, Calzado y Marroquinería “CDP DEL CUERO”",Programa Taller Escuela,"El objetivo de la iniciativa es fomentar el acceso al entorno laboral de población vulnerable al conflicto, a través de la producción de calzado, con el fin de mejorar sus condiciones de vida y la de sus familias.",Bogotá,Cundinamarca
2012,"Corporación de Desarrollo Productivo del Cuero, Calzado y Marroquinería “CDP DEL CUERO”",Programa Taller Escuela,"El objetivo de la iniciativa es fomentar el acceso al entorno laboral de población vulnerable al conflicto, a través de la producción de calzado, con el fin de mejorar sus condiciones de vida y la de sus familias.",Pereira,Risaralda
2012,Cooperativa de caficultores de Andes Ltda,Familias Guardagolfo: “Pescando sueños de paz”,"El objetivo de la iniciativa está orientado a prevenir efectos del conflicto armado colombiano
mejorando las condiciones sociales y ambientales de productores de café, sus familias, sus fincas y la comunidad, mediante la creación de valor agregado con la generación de ingreso económico real a través de la comercialización de café diferenciado en una central de beneficio comunitaria.",Jardín,Antioquia
2012,Sodexo S.A,Programa Soluciones,"Soluciones es un Programa hecho realidad gracias al compromiso de Empresarios Antioqueños, que decidieron marcar la diferencia generando empleo inicialmente con población desmovilizada, ex-integrantes de grupos armados al margen de la ley y luego con población víctimas del conflicto. Sodexo administra y opera el Programa Soluciones desde Enero de 2006.",Barranquilla,Atlantico
2012,Sodexo S.A,Programa Soluciones,"Soluciones es un Programa hecho realidad gracias al compromiso de Empresarios Antioqueños, que decidieron marcar la diferencia generando empleo inicialmente con población desmovilizada, ex-integrantes de grupos armados al margen de la ley y luego con población víctimas del conflicto. Sodexo administra y opera el Programa Soluciones desde Enero de 2006.",Bogotá D.C,Cundinamarca
2012,Sodexo S.A,Programa Soluciones,"Soluciones es un Programa hecho realidad gracias al compromiso de Empresarios Antioqueños, que decidieron marcar la diferencia generando empleo inicialmente con población desmovilizada, ex-integrantes de grupos armados al margen de la ley y luego con población víctimas del conflicto. Sodexo administra y opera el Programa Soluciones desde Enero de 2006.",Medellín,Antioquia
2011,Asociación de Productores de Cacao del Sur de Bolívar - APROCASUR,Bosques de chocolate para la vida,"Consolidar una apuesta de desarrollo alternativo basado en cacao, bajo modelo agroforestal,
construido y promovido desde la base social (campesinos), y fortalecer la el sentido organizativo de los campesinos, desde una visión social, empresarial y técnica, de carácter regional y nacional, capaz de generar desarrollo local con participación amplia de la población rural vinculada a las políticas públicas y generando oferta de ingresos a partir de actividades lícitas.",Santa Rosa del Sur,Bolívar
2011,Asociación de Productores de Cacao del Sur de Bolívar - APROCASUR,Bosques de chocolate para la vida,"Consolidar una apuesta de desarrollo alternativo basado en cacao, bajo modelo agroforestal,
construido y promovido desde la base social (campesinos), y fortalecer la el sentido organizativo de los campesinos, desde una visión social, empresarial y técnica, de carácter regional y nacional, capaz de generar desarrollo local con participación amplia de la población rural vinculada a las políticas públicas y generando oferta de ingresos a partir de actividades lícitas.", San Pablo,Bolivar
2011,Asociación de Productores de Cacao del Sur de Bolívar - APROCASUR,Bosques de chocolate para la vida,"Consolidar una apuesta de desarrollo alternativo basado en cacao, bajo modelo agroforestal,
construido y promovido desde la base social (campesinos), y fortalecer la el sentido organizativo de los campesinos, desde una visión social, empresarial y técnica, de carácter regional y nacional, capaz de generar desarrollo local con participación amplia de la población rural vinculada a las políticas públicas y generando oferta de ingresos a partir de actividades lícitas.",Simití ,Bolivar
2011,Asociación de Productores de Cacao del Sur de Bolívar - APROCASUR,Bosques de chocolate para la vida,"Consolidar una apuesta de desarrollo alternativo basado en cacao, bajo modelo agroforestal,
construido y promovido desde la base social (campesinos), y fortalecer la el sentido organizativo de los campesinos, desde una visión social, empresarial y técnica, de carácter regional y nacional, capaz de generar desarrollo local con participación amplia de la población rural vinculada a las políticas públicas y generando oferta de ingresos a partir de actividades lícitas.",Carmen de Bolivar,Bolivar
2011,Asociación de Productores de Cacao del Sur de Bolívar - APROCASUR,Bosques de chocolate para la vida,"Consolidar una apuesta de desarrollo alternativo basado en cacao, bajo modelo agroforestal,
construido y promovido desde la base social (campesinos), y fortalecer la el sentido organizativo de los campesinos, desde una visión social, empresarial y técnica, de carácter regional y nacional, capaz de generar desarrollo local con participación amplia de la población rural vinculada a las políticas públicas y generando oferta de ingresos a partir de actividades lícitas.",La Jagua de Ibirico,Cesar
2011,Asociación de Productores de Cacao del Sur de Bolívar - APROCASUR,Bosques de chocolate para la vida,"Consolidar una apuesta de desarrollo alternativo basado en cacao, bajo modelo agroforestal,
construido y promovido desde la base social (campesinos), y fortalecer la el sentido organizativo de los campesinos, desde una visión social, empresarial y técnica, de carácter regional y nacional, capaz de generar desarrollo local con participación amplia de la población rural vinculada a las políticas públicas y generando oferta de ingresos a partir de actividades lícitas.",La Gloria,Cesar
2011,Asociación de Productores de Cacao del Sur de Bolívar - APROCASUR,Bosques de chocolate para la vida,"Consolidar una apuesta de desarrollo alternativo basado en cacao, bajo modelo agroforestal,
construido y promovido desde la base social (campesinos), y fortalecer la el sentido organizativo de los campesinos, desde una visión social, empresarial y técnica, de carácter regional y nacional, capaz de generar desarrollo local con participación amplia de la población rural vinculada a las políticas públicas y generando oferta de ingresos a partir de actividades lícitas.",San Alberto ,Cesar
2011,Asociación de Productores de Cacao del Sur de Bolívar - APROCASUR,Bosques de chocolate para la vida,"Consolidar una apuesta de desarrollo alternativo basado en cacao, bajo modelo agroforestal,
construido y promovido desde la base social (campesinos), y fortalecer la el sentido organizativo de los campesinos, desde una visión social, empresarial y técnica, de carácter regional y nacional, capaz de generar desarrollo local con participación amplia de la población rural vinculada a las políticas públicas y generando oferta de ingresos a partir de actividades lícitas.",Aguachica,Cesar
2011,Asociación de Productores de Cacao del Sur de Bolívar - APROCASUR,Bosques de chocolate para la vida,"Consolidar una apuesta de desarrollo alternativo basado en cacao, bajo modelo agroforestal,
construido y promovido desde la base social (campesinos), y fortalecer la el sentido organizativo de los campesinos, desde una visión social, empresarial y técnica, de carácter regional y nacional, capaz de generar desarrollo local con participación amplia de la población rural vinculada a las políticas públicas y generando oferta de ingresos a partir de actividades lícitas.",Puerto Parra,Santander
2011,Federación Nacional de Cafeteros de Colombia. Comité Departamental Cafeteros del Valle del Cauca,"Generación de alternativas para la estabilización socioeconómica de familias desplazadas,retornadas y en alta vulnerabilidad social que habitan en la zona rural del Valle del Cauca.","Contribuir a la estabilización socioeconómica de 470 familias retornadas, receptoras y vulnerables que habitan la zona rural de los 27 municipios del Valle del Cauca.",Ansermanuevo,Valle del Cauca
2011,Federación Nacional de Cafeteros de Colombia. Comité Departamental Cafeteros del Valle del Cauca,"Generación de alternativas para la estabilización socioeconómica de familias desplazadas,retornadas y en alta vulnerabilidad social que habitan en la zona rural del Valle del Cauca.","Contribuir a la estabilización socioeconómica de 470 familias retornadas, receptoras y vulnerables que habitan la zona rural de los 27 municipios del Valle del Cauca.",Obando,Valle del Cauca
2011,Federación Nacional de Cafeteros de Colombia. Comité Departamental Cafeteros del Valle del Cauca,"Generación de alternativas para la estabilización socioeconómica de familias desplazadas,retornadas y en alta vulnerabilidad social que habitan en la zona rural del Valle del Cauca.","Contribuir a la estabilización socioeconómica de 470 familias retornadas, receptoras y vulnerables que habitan la zona rural de los 27 municipios del Valle del Cauca.",Sevilla,Valle del Cauca
2011,Federación Nacional de Cafeteros de Colombia. Comité Departamental Cafeteros del Valle del Cauca,"Generación de alternativas para la estabilización socioeconómica de familias desplazadas,retornadas y en alta vulnerabilidad social que habitan en la zona rural del Valle del Cauca.","Contribuir a la estabilización socioeconómica de 470 familias retornadas, receptoras y vulnerables que habitan la zona rural de los 27 municipios del Valle del Cauca.",Caicedonia,Valle del Cauca
2011,Federación Nacional de Cafeteros de Colombia. Comité Departamental Cafeteros del Valle del Cauca,"Generación de alternativas para la estabilización socioeconómica de familias desplazadas,retornadas y en alta vulnerabilidad social que habitan en la zona rural del Valle del Cauca.","Contribuir a la estabilización socioeconómica de 470 familias retornadas, receptoras y vulnerables que habitan la zona rural de los 27 municipios del Valle del Cauca.","Trujillo, Ginebra",Valle del Cauca
2011,Federación Nacional de Cafeteros de Colombia. Comité Departamental Cafeteros del Valle del Cauca,"Generación de alternativas para la estabilización socioeconómica de familias desplazadas,retornadas y en alta vulnerabilidad social que habitan en la zona rural del Valle del Cauca.","Contribuir a la estabilización socioeconómica de 470 familias retornadas, receptoras y vulnerables que habitan la zona rural de los 27 municipios del Valle del Cauca.",Cartago,Valle del Cauca
2011,Federación Nacional de Cafeteros de Colombia. Comité Departamental Cafeteros del Valle del Cauca,"Generación de alternativas para la estabilización socioeconómica de familias desplazadas,retornadas y en alta vulnerabilidad social que habitan en la zona rural del Valle del Cauca.","Contribuir a la estabilización socioeconómica de 470 familias retornadas, receptoras y vulnerables que habitan la zona rural de los 27 municipios del Valle del Cauca.", La Cumbre,Valle del Cauca
2011,Federación Nacional de Cafeteros de Colombia. Comité Departamental Cafeteros del Valle del Cauca,"Generación de alternativas para la estabilización socioeconómica de familias desplazadas,retornadas y en alta vulnerabilidad social que habitan en la zona rural del Valle del Cauca.","Contribuir a la estabilización socioeconómica de 470 familias retornadas, receptoras y vulnerables que habitan la zona rural de los 27 municipios del Valle del Cauca.", El Dovio,Valle del Cauca
2011,Federación Nacional de Cafeteros de Colombia. Comité Departamental Cafeteros del Valle del Cauca,"Generación de alternativas para la estabilización socioeconómica de familias desplazadas,retornadas y en alta vulnerabilidad social que habitan en la zona rural del Valle del Cauca.","Contribuir a la estabilización socioeconómica de 470 familias retornadas, receptoras y vulnerables que habitan la zona rural de los 27 municipios del Valle del Cauca.",Riofrio,Valle del Cauca
2011,Federación Nacional de Cafeteros de Colombia. Comité Departamental Cafeteros del Valle del Cauca,"Generación de alternativas para la estabilización socioeconómica de familias desplazadas,retornadas y en alta vulnerabilidad social que habitan en la zona rural del Valle del Cauca.","Contribuir a la estabilización socioeconómica de 470 familias retornadas, receptoras y vulnerables que habitan la zona rural de los 27 municipios del Valle del Cauca.", Bugalagrande,Valle del Cauca
2011,Federación Nacional de Cafeteros de Colombia. Comité Departamental Cafeteros del Valle del Cauca,"Generación de alternativas para la estabilización socioeconómica de familias desplazadas,retornadas y en alta vulnerabilidad social que habitan en la zona rural del Valle del Cauca.","Contribuir a la estabilización socioeconómica de 470 familias retornadas, receptoras y vulnerables que habitan la zona rural de los 27 municipios del Valle del Cauca.",El Cairo,Valle del Cauca
2011,Federación Nacional de Cafeteros de Colombia. Comité Departamental Cafeteros del Valle del Cauca,"Generación de alternativas para la estabilización socioeconómica de familias desplazadas,retornadas y en alta vulnerabilidad social que habitan en la zona rural del Valle del Cauca.","Contribuir a la estabilización socioeconómica de 470 familias retornadas, receptoras y vulnerables que habitan la zona rural de los 27 municipios del Valle del Cauca.",Tulua,Valle del Cauca
2011,Federación Nacional de Cafeteros de Colombia. Comité Departamental Cafeteros del Valle del Cauca,"Generación de alternativas para la estabilización socioeconómica de familias desplazadas,retornadas y en alta vulnerabilidad social que habitan en la zona rural del Valle del Cauca.","Contribuir a la estabilización socioeconómica de 470 familias retornadas, receptoras y vulnerables que habitan la zona rural de los 27 municipios del Valle del Cauca.",Guadalajara De Buga,Valle del Cauca
2011,Federación Nacional de Cafeteros de Colombia. Comité Departamental Cafeteros del Valle del Cauca,"Generación de alternativas para la estabilización socioeconómica de familias desplazadas,retornadas y en alta vulnerabilidad social que habitan en la zona rural del Valle del Cauca.","Contribuir a la estabilización socioeconómica de 470 familias retornadas, receptoras y vulnerables que habitan la zona rural de los 27 municipios del Valle del Cauca.",Alcala,Valle del Cauca
2011,Federación Nacional de Cafeteros de Colombia. Comité Departamental Cafeteros del Valle del Cauca,"Generación de alternativas para la estabilización socioeconómica de familias desplazadas,retornadas y en alta vulnerabilidad social que habitan en la zona rural del Valle del Cauca.","Contribuir a la estabilización socioeconómica de 470 familias retornadas, receptoras y vulnerables que habitan la zona rural de los 27 municipios del Valle del Cauca.",Ulloa,Valle del Cauca
2011,Federación Nacional de Cafeteros de Colombia. Comité Departamental Cafeteros del Valle del Cauca,"Generación de alternativas para la estabilización socioeconómica de familias desplazadas,retornadas y en alta vulnerabilidad social que habitan en la zona rural del Valle del Cauca.","Contribuir a la estabilización socioeconómica de 470 familias retornadas, receptoras y vulnerables que habitan la zona rural de los 27 municipios del Valle del Cauca.",Restrepo,Valle del Cauca
2011,Federación Nacional de Cafeteros de Colombia. Comité Departamental Cafeteros del Valle del Cauca,"Generación de alternativas para la estabilización socioeconómica de familias desplazadas,retornadas y en alta vulnerabilidad social que habitan en la zona rural del Valle del Cauca.","Contribuir a la estabilización socioeconómica de 470 familias retornadas, receptoras y vulnerables que habitan la zona rural de los 27 municipios del Valle del Cauca.",El Aguila,Valle del Cauca
2011,Federación Nacional de Cafeteros de Colombia. Comité Departamental Cafeteros del Valle del Cauca,"Generación de alternativas para la estabilización socioeconómica de familias desplazadas,retornadas y en alta vulnerabilidad social que habitan en la zona rural del Valle del Cauca.","Contribuir a la estabilización socioeconómica de 470 familias retornadas, receptoras y vulnerables que habitan la zona rural de los 27 municipios del Valle del Cauca.",Dagua,Valle del Cauca
2011,Federación Nacional de Cafeteros de Colombia. Comité Departamental Cafeteros del Valle del Cauca,"Generación de alternativas para la estabilización socioeconómica de familias desplazadas,retornadas y en alta vulnerabilidad social que habitan en la zona rural del Valle del Cauca.","Contribuir a la estabilización socioeconómica de 470 familias retornadas, receptoras y vulnerables que habitan la zona rural de los 27 municipios del Valle del Cauca.",Argelia,Valle del Cauca
2011,Federación Nacional de Cafeteros de Colombia. Comité Departamental Cafeteros del Valle del Cauca,"Generación de alternativas para la estabilización socioeconómica de familias desplazadas,retornadas y en alta vulnerabilidad social que habitan en la zona rural del Valle del Cauca.","Contribuir a la estabilización socioeconómica de 470 familias retornadas, receptoras y vulnerables que habitan la zona rural de los 27 municipios del Valle del Cauca.",Pradera,Valle del Cauca
2011,Federación Nacional de Cafeteros de Colombia. Comité Departamental Cafeteros del Valle del Cauca,"Generación de alternativas para la estabilización socioeconómica de familias desplazadas,retornadas y en alta vulnerabilidad social que habitan en la zona rural del Valle del Cauca.","Contribuir a la estabilización socioeconómica de 470 familias retornadas, receptoras y vulnerables que habitan la zona rural de los 27 municipios del Valle del Cauca.",Jamundi,Valle del Cauca
2011,Federación Nacional de Cafeteros de Colombia. Comité Departamental Cafeteros del Valle del Cauca,"Generación de alternativas para la estabilización socioeconómica de familias desplazadas,retornadas y en alta vulnerabilidad social que habitan en la zona rural del Valle del Cauca.","Contribuir a la estabilización socioeconómica de 470 familias retornadas, receptoras y vulnerables que habitan la zona rural de los 27 municipios del Valle del Cauca.",Versalles,Valle del Cauca
2011,Federación Nacional de Cafeteros de Colombia. Comité Departamental Cafeteros del Valle del Cauca,"Generación de alternativas para la estabilización socioeconómica de familias desplazadas,retornadas y en alta vulnerabilidad social que habitan en la zona rural del Valle del Cauca.","Contribuir a la estabilización socioeconómica de 470 familias retornadas, receptoras y vulnerables que habitan la zona rural de los 27 municipios del Valle del Cauca.", La Unión,Valle del Cauca
2011,Federación Nacional de Cafeteros de Colombia. Comité Departamental Cafeteros del Valle del Cauca,"Generación de alternativas para la estabilización socioeconómica de familias desplazadas,retornadas y en alta vulnerabilidad social que habitan en la zona rural del Valle del Cauca.","Contribuir a la estabilización socioeconómica de 470 familias retornadas, receptoras y vulnerables que habitan la zona rural de los 27 municipios del Valle del Cauca.",Calima,Valle del Cauca
2011,Federación Nacional de Cafeteros de Colombia. Comité Departamental Cafeteros del Valle del Cauca,"Generación de alternativas para la estabilización socioeconómica de familias desplazadas,retornadas y en alta vulnerabilidad social que habitan en la zona rural del Valle del Cauca.","Contribuir a la estabilización socioeconómica de 470 familias retornadas, receptoras y vulnerables que habitan la zona rural de los 27 municipios del Valle del Cauca.",Vijes,Valle del Cauca
2011,Federación Nacional de Cafeteros de Colombia. Comité Departamental Cafeteros del Valle del Cauca,"Generación de alternativas para la estabilización socioeconómica de familias desplazadas,retornadas y en alta vulnerabilidad social que habitan en la zona rural del Valle del Cauca.","Contribuir a la estabilización socioeconómica de 470 familias retornadas, receptoras y vulnerables que habitan la zona rural de los 27 municipios del Valle del Cauca.",Yotoco,Valle del Cauca
2011,Nestlé de Colombia,"Centros de Convivencia, Paz y Reconciliación – Municipios de Bugalagrande, Valle del Cauca; San Vicente del Caguán y Cartagena del Chairá, Caquetá.","El objetivo de esta iniciativa se basa en la necesidad de Crear Valor Compartido en las comunidades donde Nestlé está presente con sus operaciones, para generar una red de impulso hacia un sistema local de reconciliación, a partir de la instalación de los Centros de Reconciliación. Estos centros proponen la pedagogía del Perdón, el Cuidado y la Reconciliación, como fundamento y pilar en la construcción de una cultura de convivencia y paz.",San Vicente del Caguán,Caquetá
2011,Nestlé de Colombia,"Centros de Convivencia, Paz y Reconciliación – Municipios de Bugalagrande, Valle del Cauca; San Vicente del Caguán y Cartagena del Chairá, Caquetá.","El objetivo de esta iniciativa se basa en la necesidad de Crear Valor Compartido en las comunidades donde Nestlé está presente con sus operaciones, para generar una red de impulso hacia un sistema local de reconciliación, a partir de la instalación de los Centros de Reconciliación. Estos centros proponen la pedagogía del Perdón, el Cuidado y la Reconciliación, como fundamento y pilar en la construcción de una cultura de convivencia y paz.",Cartagena del Chairá,Caquetá
2011,Nestlé de Colombia,"Centros de Convivencia, Paz y Reconciliación – Municipios de Bugalagrande, Valle del Cauca; San Vicente del Caguán y Cartagena del Chairá, Caquetá.","El objetivo de esta iniciativa se basa en la necesidad de Crear Valor Compartido en las comunidades donde Nestlé está presente con sus operaciones, para generar una red de impulso hacia un sistema local de reconciliación, a partir de la instalación de los Centros de Reconciliación. Estos centros proponen la pedagogía del Perdón, el Cuidado y la Reconciliación, como fundamento y pilar en la construcción de una cultura de convivencia y paz.", Bugalagrande,Valle del Cauca
2011,"Surtigas y su fundación empresarial, Fundación Surtigas",Jóvenes con Valores Productivos,"Lograr la recuperación social y económica de familias en condición de desplazamiento y vulnerables mediante el fortalecimiento de habilidades y competencias, especialmente de los jóvenes, para la inserción laboral y el establecimiento de unidades productivas orientadas a la comercialización, articuladas a la red de protección social y económica pública y privada.",Cartagena,Bolivar
2011,"Surtigas y su fundación empresarial, Fundación Surtigas",Jóvenes con Valores Productivos,"Lograr la recuperación social y económica de familias en condición de desplazamiento y vulnerables mediante el fortalecimiento de habilidades y competencias, especialmente de los jóvenes, para la inserción laboral y el establecimiento de unidades productivas orientadas a la comercialización, articuladas a la red de protección social y económica pública y privada.", Sincelejo,Sucre
2011,"Surtigas y su fundación empresarial, Fundación Surtigas",Jóvenes con Valores Productivos,"Lograr la recuperación social y económica de familias en condición de desplazamiento y vulnerables mediante el fortalecimiento de habilidades y competencias, especialmente de los jóvenes, para la inserción laboral y el establecimiento de unidades productivas orientadas a la comercialización, articuladas a la red de protección social y económica pública y privada.",San Onofre,Sucre
2011,"Surtigas y su fundación empresarial, Fundación Surtigas",Jóvenes con Valores Productivos,"Lograr la recuperación social y económica de familias en condición de desplazamiento y vulnerables mediante el fortalecimiento de habilidades y competencias, especialmente de los jóvenes, para la inserción laboral y el establecimiento de unidades productivas orientadas a la comercialización, articuladas a la red de protección social y económica pública y privada.",Ovejas,Sucre
2010,Cementos Argos,"Programa de reintegración y desarrollo comunitario de San Onofre, Puerto Triunfo y Puerto Nare.","Desarrollar e implementar un modelo de intervención incluyente que permita la recuperación económica y social del Magdalena Medio antioqueño y el norte del departamento de Sucre, bajo esquemas de desarrollo sostenible que responda a las prioridades del gobierno y las necesidades de la población vulnerable.",San Onofre,Sucre
2010,Cementos Argos,"Programa de reintegración y desarrollo comunitario de San Onofre, Puerto Triunfo y Puerto Nare.","Desarrollar e implementar un modelo de intervención incluyente que permita la recuperación económica y social del Magdalena Medio antioqueño y el norte del departamento de Sucre, bajo esquemas de desarrollo sostenible que responda a las prioridades del gobierno y las necesidades de la población vulnerable.",Puerto Nare,Antioquia
2010,Cementos Argos,"Programa de reintegración y desarrollo comunitario de San Onofre, Puerto Triunfo y Puerto Nare.","Desarrollar e implementar un modelo de intervención incluyente que permita la recuperación económica y social del Magdalena Medio antioqueño y el norte del departamento de Sucre, bajo esquemas de desarrollo sostenible que responda a las prioridades del gobierno y las necesidades de la población vulnerable.", Puerto Triunfo,Antioquia
2010,CERRO MATOSO,MODELO DE INTERVENCIÓN INTEGRAL SOCIO PRODUCTIVO,"Contribuir al crecimiento de la economía local, la reducción de la pobreza, el mejoramiento de la equidad social promoviendo una comunidad responsable que lidere su Desarrollo social. En el caso de esta iniciativa postulada a Emprender Paz, desde 3 líneas de acción complementarias, busca promover el desarrollo integral en comunidades del Alto San Jorge (zona de influencia de la empresa, y en donde existen personas que han sido afectadas por el conflicto).",Montelíbano,Córdoba
2010,CERRO MATOSO,MODELO DE INTERVENCIÓN INTEGRAL SOCIO PRODUCTIVO,"Contribuir al crecimiento de la economía local, la reducción de la pobreza, el mejoramiento de la equidad social promoviendo una comunidad responsable que lidere su Desarrollo social. En el caso de esta iniciativa postulada a Emprender Paz, desde 3 líneas de acción complementarias, busca promover el desarrollo integral en comunidades del Alto San Jorge (zona de influencia de la empresa, y en donde existen personas que han sido afectadas por el conflicto).",Uré,Córdoba
2010,CERRO MATOSO,MODELO DE INTERVENCIÓN INTEGRAL SOCIO PRODUCTIVO,"Contribuir al crecimiento de la economía local, la reducción de la pobreza, el mejoramiento de la equidad social promoviendo una comunidad responsable que lidere su Desarrollo social. En el caso de esta iniciativa postulada a Emprender Paz, desde 3 líneas de acción complementarias, busca promover el desarrollo integral en comunidades del Alto San Jorge (zona de influencia de la empresa, y en donde existen personas que han sido afectadas por el conflicto).",Puerto Libertador ,Córdoba
2010,CERRO MATOSO,MODELO DE INTERVENCIÓN INTEGRAL SOCIO PRODUCTIVO,"Contribuir al crecimiento de la economía local, la reducción de la pobreza, el mejoramiento de la equidad social promoviendo una comunidad responsable que lidere su Desarrollo social. En el caso de esta iniciativa postulada a Emprender Paz, desde 3 líneas de acción complementarias, busca promover el desarrollo integral en comunidades del Alto San Jorge (zona de influencia de la empresa, y en donde existen personas que han sido afectadas por el conflicto).", La Apartada,Córdoba
2010,Grupo Nutresa (antes: Grupo Nacional de Chocolates),Programa de fortalecimiento de la cadena productiva del ajonjolí en la región de los Montes de María y de base social de los 56 integrantes de la organización asociación de productores agropecuarios de cacao del Darién,Mejorar el nivel de calidad de vida de las comunidades cultivadoras de ajonjolí y cacao a través del fortalecimiento de los encadenamientos productivos y las condiciones sociales.,Unguía,Chocó
2010,Grupo Nutresa (antes: Grupo Nacional de Chocolates),Programa de fortalecimiento de la cadena productiva del ajonjolí en la región de los Montes de María y de base social de los 56 integrantes de la organización asociación de productores agropecuarios de cacao del Darién,Mejorar el nivel de calidad de vida de las comunidades cultivadoras de ajonjolí y cacao a través del fortalecimiento de los encadenamientos productivos y las condiciones sociales.,Municipios de Bolívar,Bolivar
2010,Grupo Nutresa (antes: Grupo Nacional de Chocolates),Programa de fortalecimiento de la cadena productiva del ajonjolí en la región de los Montes de María y de base social de los 56 integrantes de la organización asociación de productores agropecuarios de cacao del Darién,Mejorar el nivel de calidad de vida de las comunidades cultivadoras de ajonjolí y cacao a través del fortalecimiento de los encadenamientos productivos y las condiciones sociales.,Municipios de Sucre,Sucre
2010,TIPIEL S.A.,PROYECTO COOPERATIVA DE TRABAJO ASOCIADO ALFAREROS DE BARRANCABERMEJA - COOTRASALBA,"Mejorar la calidad de vida de los alfareros de las comunas 5 y 6 de los barrios nororientales delmunicipio de Barrancabermeja, así como la generación de alternativas de sustento productivo desde la legalidad. Por otro lado, la iniciativa busca disminuir los impactos negativos que generan las malas prácticas de producción de ladrillo en el medio ambiente.",Barrancabermeja,Santader
2009,ARTESANIAS DE COLOMBIA,Programa de Atención a Población Desplazada Proyecto “Mejoramiento de la competitividad del sector artesano de la población desplazada y vulnerable del País”.,"Promover alternativas de generación de ingresos y ocupación productiva para mejorar las condiciones de vida de la población desplazada y vulnerable y del País, pertenecientes a grupos indígenas, población afrocolombiana, población ROM y mestiza",Municipios de Nariño,Nariño
2009,ARTESANIAS DE COLOMBIA,Programa de Atención a Población Desplazada Proyecto “Mejoramiento de la competitividad del sector artesano de la población desplazada y vulnerable del País”.,"Promover alternativas de generación de ingresos y ocupación productiva para mejorar las condiciones de vida de la población desplazada y vulnerable y del País, pertenecientes a grupos indígenas, población afrocolombiana, población ROM y mestiza",Municipios del Valle del Cauca,Valle del Cauca
2009,ARTESANIAS DE COLOMBIA,Programa de Atención a Población Desplazada Proyecto “Mejoramiento de la competitividad del sector artesano de la población desplazada y vulnerable del País”.,"Promover alternativas de generación de ingresos y ocupación productiva para mejorar las condiciones de vida de la población desplazada y vulnerable y del País, pertenecientes a grupos indígenas, población afrocolombiana, población ROM y mestiza",Municipios de Putumayo,Putumayo
2009,Asociación de Bananeros de Colombia – AUGURA,Alianza para el desarrollo socioeconómico de las comunidades bananeras de Urabá y Magdalena”,"El programa se desarrolla bajo dos líneas principales, Reducción de pobreza y Protección al Medio Ambiente. El objetivo principal del programa es prevenir la agudización de la problemática social de las zonas bananeras que se vería seriamente afectada por la disminución de la actividad bananera tradicional de micro y pequeños productores quienes no cumplen con las condiciones de calidad, certificación ambiental y social para la producción de fruta, sin lo cual su permanencia en la cadena de exportación de plátano y banano es inviable, viéndose expuestos a rechazos, perdidas de producción y a buscar otras fuentes de ingresos.",Urabá Antioqueño,Antioquia
2009,Asociación de Bananeros de Colombia – AUGURA,Alianza para el desarrollo socioeconómico de las comunidades bananeras de Urabá y Magdalena”,"El programa se desarrolla bajo dos líneas principales, Reducción de pobreza y Protección al Medio Ambiente. El objetivo principal del programa es prevenir la agudización de la problemática social de las zonas bananeras que se vería seriamente afectada por la disminución de la actividad bananera tradicional de micro y pequeños productores quienes no cumplen con las condiciones de calidad, certificación ambiental y social para la producción de fruta, sin lo cual su permanencia en la cadena de exportación de plátano y banano es inviable, viéndose expuestos a rechazos, perdidas de producción y a buscar otras fuentes de ingresos.",Urabá Chocoano ,Chocó
2009,Asociación de Bananeros de Colombia – AUGURA,Alianza para el desarrollo socioeconómico de las comunidades bananeras de Urabá y Magdalena”,"El programa se desarrolla bajo dos líneas principales, Reducción de pobreza y Protección al Medio Ambiente. El objetivo principal del programa es prevenir la agudización de la problemática social de las zonas bananeras que se vería seriamente afectada por la disminución de la actividad bananera tradicional de micro y pequeños productores quienes no cumplen con las condiciones de calidad, certificación ambiental y social para la producción de fruta, sin lo cual su permanencia en la cadena de exportación de plátano y banano es inviable, viéndose expuestos a rechazos, perdidas de producción y a buscar otras fuentes de ingresos.",Municipios del Magdalena,Magdalena
2009,Coffee Company del Huila,VIVAMOS MEJOR PARA COSECHAR CALIDAD”,"Promover el desarrollo social y económico sostenible de los pequeños caficultores en el sur del Huila a partir de la formación y Empoderamiento ciudadano, el fortalecimiento de las organizaciones sociales y el mejoramiento de la producción del café como cultivo principal, mediante el acompañamiento social y técnico, la inversión y la coordinación institucional.",Isnos,Huila
2009,Coffee Company del Huila,VIVAMOS MEJOR PARA COSECHAR CALIDAD”,"Promover el desarrollo social y económico sostenible de los pequeños caficultores en el sur del Huila a partir de la formación y Empoderamiento ciudadano, el fortalecimiento de las organizaciones sociales y el mejoramiento de la producción del café como cultivo principal, mediante el acompañamiento social y técnico, la inversión y la coordinación institucional.",Acevedo,Huila
2009,Coffee Company del Huila,VIVAMOS MEJOR PARA COSECHAR CALIDAD”,"Promover el desarrollo social y económico sostenible de los pequeños caficultores en el sur del Huila a partir de la formación y Empoderamiento ciudadano, el fortalecimiento de las organizaciones sociales y el mejoramiento de la producción del café como cultivo principal, mediante el acompañamiento social y técnico, la inversión y la coordinación institucional.",Palestina,Huila
2009,Coffee Company del Huila,VIVAMOS MEJOR PARA COSECHAR CALIDAD”,"Promover el desarrollo social y económico sostenible de los pequeños caficultores en el sur del Huila a partir de la formación y Empoderamiento ciudadano, el fortalecimiento de las organizaciones sociales y el mejoramiento de la producción del café como cultivo principal, mediante el acompañamiento social y técnico, la inversión y la coordinación institucional.",Pitalito,Huila
2009,Coffee Company del Huila,VIVAMOS MEJOR PARA COSECHAR CALIDAD”,"Promover el desarrollo social y económico sostenible de los pequeños caficultores en el sur del Huila a partir de la formación y Empoderamiento ciudadano, el fortalecimiento de las organizaciones sociales y el mejoramiento de la producción del café como cultivo principal, mediante el acompañamiento social y técnico, la inversión y la coordinación institucional.", San Agustín,Huila
2009,PAVCO DE OCCIDENTE,Inclusión para la paz,"Propiciar una dinámica de desarrollo incluyente, mediante la generación de empleo para la población del Norte del Cauca (zona de influencia de la planta de PAVCO en Guachené) con el fin de contrarrestar los factores económicos y sociales que alimentan el conflicto.",Guachene,Cauca
2009,PAVCO DE OCCIDENTE,Inclusión para la paz,"Propiciar una dinámica de desarrollo incluyente, mediante la generación de empleo para la población del Norte del Cauca (zona de influencia de la planta de PAVCO en Guachené) con el fin de contrarrestar los factores económicos y sociales que alimentan el conflicto.",Calotó,Cauca
2008,General Motors Colmotores,Puntadas por la paz,"Promover oportunidades para una reintegración exitosa a nivel social y económico de 90 excombatientes durante los años 2007 al 2009, mediante un proyecto productivo, sostenible y competitivo que incluya el acompañamiento psicosocial y el desarrollo de competencias laborales, estándares de calidad, normas de producción y oportunidades de negocio en el campo de la confección industrial.",Bogotá D.C,Cundinamarca
2008,Granero Yat Wala,Voces de nuestra tierra,"Visibilizar y fortalecer el proceso de resistencia indígena frente al conflicto entre el gobierno colombiano y las fuerzas armadas ilegales, para la consolidación de la autonomía indígena en el territorio del resguardo y municipio de Jambaló, contribuyendo así a la disminución del desplazamiento forzado.",Jambaló,Cauca
2008,Smurfit Kappa Cartón de Colombia,Asociación de Productores de Leche de Sotará - Asproleso,"Contribuir al mejoramiento del proceso productivo de generación de ingresos en las comunidades rurales a través de la transferencia de tecnología y adopción de prácticas que mejoren generen valor agregado y favorezcan la comercialización de los productos agropecuarios, en este caso la leche.",Sotará,Cauca
2008,UBIQUANDO,"Tecnología de software, una alternativa de desarrollo para jóvenes de población vulnerable",Garantizar a los jóvenes participantes la capacitación en sistemas como complemento a su formación académica básica.,Bogotá D.C,Cundinamarca
2008,UBIQUANDO,"Tecnología de software, una alternativa de desarrollo para jóvenes de población vulnerable",Garantizar a los jóvenes participantes la capacitación en sistemas como complemento a su formación académica básica.,Soacha,Cundinamarca