Municipio,Departamento,latitud,longitud,Año,Organización,Iniciativa,Objetivo
El Carmen de Bolívar,Bolívar ,9.75,-75.1666667,2014,Asociación de productores de cacao de los montes de maría (ASPROCAMM),Establecimiento de 200 has. de cacao para beneficiar 120 familias desplazadas y retornadas en la parte alta de los montes de María municipios de San Jacinto y el Carmen de Bolívar,"retorno voluntario de las familias desplazadas por la violencia, el mejoramiento de ingresos económicos de los beneficiarios vinculados a la iniciativa a través de la producción de cacao, y el fortalecimiento de la seguridad alimentaria de las comunidades de los municipios de El Carmen de Bolívar, San Jacinto y San Juan Nepomuceno, en el departamento de Bolívar."
San Jacinto,Bolívar ,9.8333333,-75.0833333,2014,Asociación de productores de cacao de los montes de maría (ASPROCAMM),Establecimiento de 200 has. de cacao para beneficiar 120 familias desplazadas y retornadas en la parte alta de los montes de María municipios de San Jacinto y el Carmen de Bolívar,"retorno voluntario de las familias desplazadas por la violencia, el mejoramiento de ingresos económicos de los beneficiarios vinculados a la iniciativa a través de la producción de cacao, y el fortalecimiento de la seguridad alimentaria de las comunidades de los municipios de El Carmen de Bolívar, San Jacinto y San Juan Nepomuceno, en el departamento de Bolívar."
San Juan Nepomuceno,Bolívar ,9.9566667,-75.0866667,2014,Asociación de productores de cacao de los montes de maría (ASPROCAMM),Establecimiento de 200 has. de cacao para beneficiar 120 familias desplazadas y retornadas en la parte alta de los montes de María municipios de San Jacinto y el Carmen de Bolívar,"retorno voluntario de las familias desplazadas por la violencia, el mejoramiento de ingresos económicos de los beneficiarios vinculados a la iniciativa a través de la producción de cacao, y el fortalecimiento de la seguridad alimentaria de las comunidades de los municipios de El Carmen de Bolívar, San Jacinto y San Juan Nepomuceno, en el departamento de Bolívar."
Mesetas,Meta,3.3780556,-74.0447222,2014,Asociación de pequeños y medianos productores agropecuarios de sector de rio duda municipio de mesetas. “ASOPROADUM”,Fondo Rotatorio “ASOPROADUM”,Constituir un fondo rotatorio para eliminar los cultivos ilícitos de la región.
Mesetas,Meta,3.3780556,-74.0447222,2014,Productos Naturales de la Sabana S.A Alquería,Proyecto MACA Fomento Ganadero Alquería,"Brindar al pequeño y mediano productor de leche, un canal formal para la comercialización su producción que le ofrezca: estabilidad, acompañamiento, lo incentive a la productividad y elimine la intermediación que no agrega valor, y así mejorar su calidad de vida”."
Puerto Lleras,Meta,3,-72.5,2014,Productos Naturales de la Sabana S.A Alquería,Proyecto MACA Fomento Ganadero Alquería,"Brindar al pequeño y mediano productor de leche, un canal formal para la comercialización su producción que le ofrezca: estabilidad, acompañamiento, lo incentive a la productividad y elimine la intermediación que no agrega valor, y así mejorar su calidad de vida”."
Granada,Meta,3.5386111,-73.7005556,2014,Productos Naturales de la Sabana S.A Alquería,Proyecto MACA Fomento Ganadero Alquería,"Brindar al pequeño y mediano productor de leche, un canal formal para la comercialización su producción que le ofrezca: estabilidad, acompañamiento, lo incentive a la productividad y elimine la intermediación que no agrega valor, y así mejorar su calidad de vida”."
San Juan de Arama,Meta,3.3463889,-73.8894444,2014,Productos Naturales de la Sabana S.A Alquería,Proyecto MACA Fomento Ganadero Alquería,"Brindar al pequeño y mediano productor de leche, un canal formal para la comercialización su producción que le ofrezca: estabilidad, acompañamiento, lo incentive a la productividad y elimine la intermediación que no agrega valor, y así mejorar su calidad de vida”."
Funza,Cundinamarca,4.7833333,-74.2,2014,Manufacturas Querido Soldado S.A.,Manufacturas Querido Soldado S.A.,"La generación de empleo estable para viudas, soldados discapacitados o sus esposas, mediante la producción de textiles, la confección de prendas y el servicio de maquila. Los beneficiarios de la iniciativa han mejorado significativamente sus ingresos gracias al desarrollo de actividades como la confección de prendas de vestir relacionadas con dotaciones empresariales, uniformes escolares, salud y servicio satélite, así como la fabricación de toallas elaboradas bajo modalidad de maquila para el cliente Protela. Así mismo, trabajan en clasificación y empaque de productos para el grupo Phoenix"
San Pablo de Borbur,Boyacá,5.75,-74.0833333,2013,Asociación Campesina de cacaoteros del Municipio de San Pablo de Borbur – Boyacá ASOCACABO,Sembrando futuro,"El cambio cultural que se empieza a ver en nuestra región, hacer quenuestra comunidad vuelva a creer en la productividad del campo, pero basada en la legalidad, este es uno de los mayores objetivos cumplidos por parte de nuestra empresa, de este modo nuestra organización logra la erradicación voluntaria de todas las hectáreas de coca en la región con el acompañamiento de entidades del estado y de carácter internacional, quienes apoyan con insumos y productos para la sustitución de coca por cacao entre otros; también se logra en el año2011 que San Pablo de Borbur gracias a su esfuerzo con la comunidad y en cabeza de ASOCACABO logre el premio 1º primer municipio libre de cultivos ilícitos en Colombia certificado por UNODC."
San Miguel,Putumayo,0.3394444,-76.8830556,2013,Asociación de Productores Agropecuarios “ASOPA” – Loro Uno,Sembramos Paz y Esperanza en nuestra Amazonía,"Fortalecer el sentido organizativo de los agricultores desde una visión social (base social–productores), técnica (implementación y ampliación de área sembrada en sistemas agroforestales contribuyendo a una recuperación de los daños ambientales ocasionados por los cultivos ilícitos), empresarial (fines organizativos y comerciales) capaz de demostrar que el cultivo de cacao es una alternativa de desarrollo económico y fortalecimiento a las economías campesinas locales; de planificación del desarrollo ( Capaz de identificar, planificar, implementar procesos de desarrollo y planificación de economías locales campesinas)"
Puerto Leguízamo,Putumayo,-0.2,-74.7666667,2013,Asociación de Productores Agropecuarios “ASOPA” – Loro Uno,Sembramos Paz y Esperanza en nuestra Amazonía,"Fortalecer el sentido organizativo de los agricultores desde una visión social (base social–productores), técnica (implementación y ampliación de área sembrada en sistemas agroforestales contribuyendo a una recuperación de los daños ambientales ocasionados por los cultivos ilícitos), empresarial (fines organizativos y comerciales) capaz de demostrar que el cultivo de cacao es una alternativa de desarrollo económico y fortalecimiento a las economías campesinas locales; de planificación del desarrollo ( Capaz de identificar, planificar, implementar procesos de desarrollo y planificación de economías locales campesinas)"
Mocoa,Putumayo,1.1488889,-76.6477778,2013,Asociación de Productores Agropecuarios “ASOPA” – Loro Uno,Sembramos Paz y Esperanza en nuestra Amazonía,"Fortalecer el sentido organizativo de los agricultores desde una visión social (base social–productores), técnica (implementación y ampliación de área sembrada en sistemas agroforestales contribuyendo a una recuperación de los daños ambientales ocasionados por los cultivos ilícitos), empresarial (fines organizativos y comerciales) capaz de demostrar que el cultivo de cacao es una alternativa de desarrollo económico y fortalecimiento a las economías campesinas locales; de planificación del desarrollo ( Capaz de identificar, planificar, implementar procesos de desarrollo y planificación de economías locales campesinas)"
Valle del Guamuez,Putumayo,0.4525,-76.9191667,2013,Asociación de Productores Agropecuarios “ASOPA” – Loro Uno,Sembramos Paz y Esperanza en nuestra Amazonía,"Fortalecer el sentido organizativo de los agricultores desde una visión social (base social–productores), técnica (implementación y ampliación de área sembrada en sistemas agroforestales contribuyendo a una recuperación de los daños ambientales ocasionados por los cultivos ilícitos), empresarial (fines organizativos y comerciales) capaz de demostrar que el cultivo de cacao es una alternativa de desarrollo económico y fortalecimiento a las economías campesinas locales; de planificación del desarrollo ( Capaz de identificar, planificar, implementar procesos de desarrollo y planificación de economías locales campesinas)"
Barranquilla,Atlantico,10.9638889,-74.7963889,2013,"Federación Nacional de Comerciantes (Fenalco), seccional Atlántico",Minimarket 2x3 para la paz y la reconciliación,"Desarrollar un programa piloto de generación de ingresos para personas en proceso de reintegración, a través del montaje de microfranquicias de tiendas para la generación de ingresos rentables y sostenibles, que les permitan mantenerse en la legalidad y comunidad que los recibe.reconciliarse con la comunidad que los recibe."
Carmen de Bolívar ,Bolivar,9.75,-75.1666667,2013,"Federación Nacional de Comerciantes (Fenalco), seccional Atlántico",Minimarket 2x3 para la paz y la reconciliación,"Desarrollar un programa piloto de generación de ingresos para personas en proceso de reintegración, a través del montaje de microfranquicias de tiendas para la generación de ingresos rentables y sostenibles, que les permitan mantenerse en la legalidad y comunidad que los recibe.reconciliarse con la comunidad que los recibe."
Corozal,Sucre,9.3333333,-75.25,2013,"Federación Nacional de Comerciantes (Fenalco), seccional Atlántico",Minimarket 2x3 para la paz y la reconciliación,"Desarrollar un programa piloto de generación de ingresos para personas en proceso de reintegración, a través del montaje de microfranquicias de tiendas para la generación de ingresos rentables y sostenibles, que les permitan mantenerse en la legalidad y comunidad que los recibe.reconciliarse con la comunidad que los recibe."
Sincelejo,Sucre,9.3047222,-75.3977778,2013,"Federación Nacional de Comerciantes (Fenalco), seccional Atlántico",Minimarket 2x3 para la paz y la reconciliación,"Desarrollar un programa piloto de generación de ingresos para personas en proceso de reintegración, a través del montaje de microfranquicias de tiendas para la generación de ingresos rentables y sostenibles, que les permitan mantenerse en la legalidad y comunidad que los recibe.reconciliarse con la comunidad que los recibe."
Caucasia,Antioquia,7.9166667,-75,2013,Universidad de la Salle,PROYECTO UTOPÍA,"El Proyecto Utopía persigue dos objetivos fundamentales: convertir a jóvenes bachilleres de zonas rurales afectadas por la violencia en Ingenieros Agrónomos con la mejor formación posible y con la metodología ‘aprender haciendo’ y ‘enseñar demostrando’; y, hacerlos líderes para la transformación sociopolítica y la empresarización productiva del campo en sus lugares de origen."
Concordia,Antioquia,6.0833333,-75.9166667,2013,Universidad de la Salle,PROYECTO UTOPÍA,"El Proyecto Utopía persigue dos objetivos fundamentales: convertir a jóvenes bachilleres de zonas rurales afectadas por la violencia en Ingenieros Agrónomos con la mejor formación posible y con la metodología ‘aprender haciendo’ y ‘enseñar demostrando’; y, hacerlos líderes para la transformación sociopolítica y la empresarización productiva del campo en sus lugares de origen."
Yolombó,Antioquia,6.6666667,-75,2013,Universidad de la Salle,PROYECTO UTOPÍA,"El Proyecto Utopía persigue dos objetivos fundamentales: convertir a jóvenes bachilleres de zonas rurales afectadas por la violencia en Ingenieros Agrónomos con la mejor formación posible y con la metodología ‘aprender haciendo’ y ‘enseñar demostrando’; y, hacerlos líderes para la transformación sociopolítica y la empresarización productiva del campo en sus lugares de origen."
Andes,Antioquia,5.5833333,-75.9166667,2013,Universidad de la Salle,PROYECTO UTOPÍA,"El Proyecto Utopía persigue dos objetivos fundamentales: convertir a jóvenes bachilleres de zonas rurales afectadas por la violencia en Ingenieros Agrónomos con la mejor formación posible y con la metodología ‘aprender haciendo’ y ‘enseñar demostrando’; y, hacerlos líderes para la transformación sociopolítica y la empresarización productiva del campo en sus lugares de origen."
 Arauquita,Arauca,6.8219444,-71.3236111,2013,Universidad de la Salle,PROYECTO UTOPÍA,"El Proyecto Utopía persigue dos objetivos fundamentales: convertir a jóvenes bachilleres de zonas rurales afectadas por la violencia en Ingenieros Agrónomos con la mejor formación posible y con la metodología ‘aprender haciendo’ y ‘enseñar demostrando’; y, hacerlos líderes para la transformación sociopolítica y la empresarización productiva del campo en sus lugares de origen."
Tame,Arauca,6.4641667,-71.7288889,2013,Universidad de la Salle,PROYECTO UTOPÍA,"El Proyecto Utopía persigue dos objetivos fundamentales: convertir a jóvenes bachilleres de zonas rurales afectadas por la violencia en Ingenieros Agrónomos con la mejor formación posible y con la metodología ‘aprender haciendo’ y ‘enseñar demostrando’; y, hacerlos líderes para la transformación sociopolítica y la empresarización productiva del campo en sus lugares de origen."
Saravena,Arauca,6.9205556,-71.8533333,2013,Universidad de la Salle,PROYECTO UTOPÍA,"El Proyecto Utopía persigue dos objetivos fundamentales: convertir a jóvenes bachilleres de zonas rurales afectadas por la violencia en Ingenieros Agrónomos con la mejor formación posible y con la metodología ‘aprender haciendo’ y ‘enseñar demostrando’; y, hacerlos líderes para la transformación sociopolítica y la empresarización productiva del campo en sus lugares de origen."
Arauca,Arauca,7.0902778,-70.7616667,2013,Universidad de la Salle,PROYECTO UTOPÍA,"El Proyecto Utopía persigue dos objetivos fundamentales: convertir a jóvenes bachilleres de zonas rurales afectadas por la violencia en Ingenieros Agrónomos con la mejor formación posible y con la metodología ‘aprender haciendo’ y ‘enseñar demostrando’; y, hacerlos líderes para la transformación sociopolítica y la empresarización productiva del campo en sus lugares de origen."
 Fortul,Arauca,6.7461111,-71.8566667,2013,Universidad de la Salle,PROYECTO UTOPÍA,"El Proyecto Utopía persigue dos objetivos fundamentales: convertir a jóvenes bachilleres de zonas rurales afectadas por la violencia en Ingenieros Agrónomos con la mejor formación posible y con la metodología ‘aprender haciendo’ y ‘enseñar demostrando’; y, hacerlos líderes para la transformación sociopolítica y la empresarización productiva del campo en sus lugares de origen."
Cravo Norte,Arauca,6.3030556,-70.2016667,2013,Universidad de la Salle,PROYECTO UTOPÍA,"El Proyecto Utopía persigue dos objetivos fundamentales: convertir a jóvenes bachilleres de zonas rurales afectadas por la violencia en Ingenieros Agrónomos con la mejor formación posible y con la metodología ‘aprender haciendo’ y ‘enseñar demostrando’; y, hacerlos líderes para la transformación sociopolítica y la empresarización productiva del campo en sus lugares de origen."
Córdoba,Bolívar,9.5,-74.9166667,2013,Universidad de la Salle,PROYECTO UTOPÍA,"El Proyecto Utopía persigue dos objetivos fundamentales: convertir a jóvenes bachilleres de zonas rurales afectadas por la violencia en Ingenieros Agrónomos con la mejor formación posible y con la metodología ‘aprender haciendo’ y ‘enseñar demostrando’; y, hacerlos líderes para la transformación sociopolítica y la empresarización productiva del campo en sus lugares de origen."
El Carmen de Bolívar,Bolívar,9.75,-75.1666667,2013,Universidad de la Salle,PROYECTO UTOPÍA,"El Proyecto Utopía persigue dos objetivos fundamentales: convertir a jóvenes bachilleres de zonas rurales afectadas por la violencia en Ingenieros Agrónomos con la mejor formación posible y con la metodología ‘aprender haciendo’ y ‘enseñar demostrando’; y, hacerlos líderes para la transformación sociopolítica y la empresarización productiva del campo en sus lugares de origen."
Achí,Bolívar,8.25,-74.5,2013,Universidad de la Salle,PROYECTO UTOPÍA,"El Proyecto Utopía persigue dos objetivos fundamentales: convertir a jóvenes bachilleres de zonas rurales afectadas por la violencia en Ingenieros Agrónomos con la mejor formación posible y con la metodología ‘aprender haciendo’ y ‘enseñar demostrando’; y, hacerlos líderes para la transformación sociopolítica y la empresarización productiva del campo en sus lugares de origen."
Montecristo,Bolívar,8.2994444,-74.4755556,2013,Universidad de la Salle,PROYECTO UTOPÍA,"El Proyecto Utopía persigue dos objetivos fundamentales: convertir a jóvenes bachilleres de zonas rurales afectadas por la violencia en Ingenieros Agrónomos con la mejor formación posible y con la metodología ‘aprender haciendo’ y ‘enseñar demostrando’; y, hacerlos líderes para la transformación sociopolítica y la empresarización productiva del campo en sus lugares de origen."
Campohermoso,Boyacá,5.0833333,-73,2013,Universidad de la Salle,PROYECTO UTOPÍA,"El Proyecto Utopía persigue dos objetivos fundamentales: convertir a jóvenes bachilleres de zonas rurales afectadas por la violencia en Ingenieros Agrónomos con la mejor formación posible y con la metodología ‘aprender haciendo’ y ‘enseñar demostrando’; y, hacerlos líderes para la transformación sociopolítica y la empresarización productiva del campo en sus lugares de origen."
San Vicente del Caguán,Caquetá,2.1525,-74.7888889,2013,Universidad de la Salle,PROYECTO UTOPÍA,"El Proyecto Utopía persigue dos objetivos fundamentales: convertir a jóvenes bachilleres de zonas rurales afectadas por la violencia en Ingenieros Agrónomos con la mejor formación posible y con la metodología ‘aprender haciendo’ y ‘enseñar demostrando’; y, hacerlos líderes para la transformación sociopolítica y la empresarización productiva del campo en sus lugares de origen."
 Puerto Rico,Caquetá,1.9141667,-75145,2013,Universidad de la Salle,PROYECTO UTOPÍA,"El Proyecto Utopía persigue dos objetivos fundamentales: convertir a jóvenes bachilleres de zonas rurales afectadas por la violencia en Ingenieros Agrónomos con la mejor formación posible y con la metodología ‘aprender haciendo’ y ‘enseñar demostrando’; y, hacerlos líderes para la transformación sociopolítica y la empresarización productiva del campo en sus lugares de origen."
 Área rural de Florencia ,Caquetá,1.35,-74.84,2013,Universidad de la Salle,PROYECTO UTOPÍA,"El Proyecto Utopía persigue dos objetivos fundamentales: convertir a jóvenes bachilleres de zonas rurales afectadas por la violencia en Ingenieros Agrónomos con la mejor formación posible y con la metodología ‘aprender haciendo’ y ‘enseñar demostrando’; y, hacerlos líderes para la transformación sociopolítica y la empresarización productiva del campo en sus lugares de origen."
Chámeza,Casanare,5,-72.75,2013,Universidad de la Salle,PROYECTO UTOPÍA,"El Proyecto Utopía persigue dos objetivos fundamentales: convertir a jóvenes bachilleres de zonas rurales afectadas por la violencia en Ingenieros Agrónomos con la mejor formación posible y con la metodología ‘aprender haciendo’ y ‘enseñar demostrando’; y, hacerlos líderes para la transformación sociopolítica y la empresarización productiva del campo en sus lugares de origen."
 La Salina,Casanare,6.1852778,-72.3444444,2013,Universidad de la Salle,PROYECTO UTOPÍA,"El Proyecto Utopía persigue dos objetivos fundamentales: convertir a jóvenes bachilleres de zonas rurales afectadas por la violencia en Ingenieros Agrónomos con la mejor formación posible y con la metodología ‘aprender haciendo’ y ‘enseñar demostrando’; y, hacerlos líderes para la transformación sociopolítica y la empresarización productiva del campo en sus lugares de origen."
 Maní,Casanare,4.8333333,-72.3333333,2013,Universidad de la Salle,PROYECTO UTOPÍA,"El Proyecto Utopía persigue dos objetivos fundamentales: convertir a jóvenes bachilleres de zonas rurales afectadas por la violencia en Ingenieros Agrónomos con la mejor formación posible y con la metodología ‘aprender haciendo’ y ‘enseñar demostrando’; y, hacerlos líderes para la transformación sociopolítica y la empresarización productiva del campo en sus lugares de origen."
 Nunchía,Casanare,5.6405556,-72.1986111,2013,Universidad de la Salle,PROYECTO UTOPÍA,"El Proyecto Utopía persigue dos objetivos fundamentales: convertir a jóvenes bachilleres de zonas rurales afectadas por la violencia en Ingenieros Agrónomos con la mejor formación posible y con la metodología ‘aprender haciendo’ y ‘enseñar demostrando’; y, hacerlos líderes para la transformación sociopolítica y la empresarización productiva del campo en sus lugares de origen."
Paz de Ariporo,Casanare,5.8833333,-71.9,2013,Universidad de la Salle,PROYECTO UTOPÍA,"El Proyecto Utopía persigue dos objetivos fundamentales: convertir a jóvenes bachilleres de zonas rurales afectadas por la violencia en Ingenieros Agrónomos con la mejor formación posible y con la metodología ‘aprender haciendo’ y ‘enseñar demostrando’; y, hacerlos líderes para la transformación sociopolítica y la empresarización productiva del campo en sus lugares de origen."
Pore,Casanare,5.6708333,-71.93,2013,Universidad de la Salle,PROYECTO UTOPÍA,"El Proyecto Utopía persigue dos objetivos fundamentales: convertir a jóvenes bachilleres de zonas rurales afectadas por la violencia en Ingenieros Agrónomos con la mejor formación posible y con la metodología ‘aprender haciendo’ y ‘enseñar demostrando’; y, hacerlos líderes para la transformación sociopolítica y la empresarización productiva del campo en sus lugares de origen."
Sabanalarga,Casanare,4.8536111,-73.0430556,2013,Universidad de la Salle,PROYECTO UTOPÍA,"El Proyecto Utopía persigue dos objetivos fundamentales: convertir a jóvenes bachilleres de zonas rurales afectadas por la violencia en Ingenieros Agrónomos con la mejor formación posible y con la metodología ‘aprender haciendo’ y ‘enseñar demostrando’; y, hacerlos líderes para la transformación sociopolítica y la empresarización productiva del campo en sus lugares de origen."
San Luis de Palenque,Casanare,5.2805556,-71.5819444,2013,Universidad de la Salle,PROYECTO UTOPÍA,"El Proyecto Utopía persigue dos objetivos fundamentales: convertir a jóvenes bachilleres de zonas rurales afectadas por la violencia en Ingenieros Agrónomos con la mejor formación posible y con la metodología ‘aprender haciendo’ y ‘enseñar demostrando’; y, hacerlos líderes para la transformación sociopolítica y la empresarización productiva del campo en sus lugares de origen."
Tauramena,Casanare,5.0186111,-72.7552778,2013,Universidad de la Salle,PROYECTO UTOPÍA,"El Proyecto Utopía persigue dos objetivos fundamentales: convertir a jóvenes bachilleres de zonas rurales afectadas por la violencia en Ingenieros Agrónomos con la mejor formación posible y con la metodología ‘aprender haciendo’ y ‘enseñar demostrando’; y, hacerlos líderes para la transformación sociopolítica y la empresarización productiva del campo en sus lugares de origen."
Trinidad,Casanare,5.4305556,-71.6311111,2013,Universidad de la Salle,PROYECTO UTOPÍA,"El Proyecto Utopía persigue dos objetivos fundamentales: convertir a jóvenes bachilleres de zonas rurales afectadas por la violencia en Ingenieros Agrónomos con la mejor formación posible y con la metodología ‘aprender haciendo’ y ‘enseñar demostrando’; y, hacerlos líderes para la transformación sociopolítica y la empresarización productiva del campo en sus lugares de origen."
Villanueva,Casanare,5.2833333,-71.9666667,2013,Universidad de la Salle,PROYECTO UTOPÍA,"El Proyecto Utopía persigue dos objetivos fundamentales: convertir a jóvenes bachilleres de zonas rurales afectadas por la violencia en Ingenieros Agrónomos con la mejor formación posible y con la metodología ‘aprender haciendo’ y ‘enseñar demostrando’; y, hacerlos líderes para la transformación sociopolítica y la empresarización productiva del campo en sus lugares de origen."
El Yopal,Casanare,5.3394444,-72.3941667,2013,Universidad de la Salle,PROYECTO UTOPÍA,"El Proyecto Utopía persigue dos objetivos fundamentales: convertir a jóvenes bachilleres de zonas rurales afectadas por la violencia en Ingenieros Agrónomos con la mejor formación posible y con la metodología ‘aprender haciendo’ y ‘enseñar demostrando’; y, hacerlos líderes para la transformación sociopolítica y la empresarización productiva del campo en sus lugares de origen."
Tamara,Casanare,5.8297222,-72.1633333,2013,Universidad de la Salle,PROYECTO UTOPÍA,"El Proyecto Utopía persigue dos objetivos fundamentales: convertir a jóvenes bachilleres de zonas rurales afectadas por la violencia en Ingenieros Agrónomos con la mejor formación posible y con la metodología ‘aprender haciendo’ y ‘enseñar demostrando’; y, hacerlos líderes para la transformación sociopolítica y la empresarización productiva del campo en sus lugares de origen."
Orocué ,Casanare,4.7941667,-71.34,2013,Universidad de la Salle,PROYECTO UTOPÍA,"El Proyecto Utopía persigue dos objetivos fundamentales: convertir a jóvenes bachilleres de zonas rurales afectadas por la violencia en Ingenieros Agrónomos con la mejor formación posible y con la metodología ‘aprender haciendo’ y ‘enseñar demostrando’; y, hacerlos líderes para la transformación sociopolítica y la empresarización productiva del campo en sus lugares de origen."
 Patía,Cauca,2.4166667,-77.6,2013,Universidad de la Salle,PROYECTO UTOPÍA,"El Proyecto Utopía persigue dos objetivos fundamentales: convertir a jóvenes bachilleres de zonas rurales afectadas por la violencia en Ingenieros Agrónomos con la mejor formación posible y con la metodología ‘aprender haciendo’ y ‘enseñar demostrando’; y, hacerlos líderes para la transformación sociopolítica y la empresarización productiva del campo en sus lugares de origen."
Cachipay,Cundinamarca,5.2666667,-74.5666667,2013,Universidad de la Salle,PROYECTO UTOPÍA,"El Proyecto Utopía persigue dos objetivos fundamentales: convertir a jóvenes bachilleres de zonas rurales afectadas por la violencia en Ingenieros Agrónomos con la mejor formación posible y con la metodología ‘aprender haciendo’ y ‘enseñar demostrando’; y, hacerlos líderes para la transformación sociopolítica y la empresarización productiva del campo en sus lugares de origen."
Montelíbano,Córdoba,7.75,-75.6666667,2013,Universidad de la Salle,PROYECTO UTOPÍA,"El Proyecto Utopía persigue dos objetivos fundamentales: convertir a jóvenes bachilleres de zonas rurales afectadas por la violencia en Ingenieros Agrónomos con la mejor formación posible y con la metodología ‘aprender haciendo’ y ‘enseñar demostrando’; y, hacerlos líderes para la transformación sociopolítica y la empresarización productiva del campo en sus lugares de origen."
Puerto Libertador,Córdoba,4.6,-74.1166667,2013,Universidad de la Salle,PROYECTO UTOPÍA,"El Proyecto Utopía persigue dos objetivos fundamentales: convertir a jóvenes bachilleres de zonas rurales afectadas por la violencia en Ingenieros Agrónomos con la mejor formación posible y con la metodología ‘aprender haciendo’ y ‘enseñar demostrando’; y, hacerlos líderes para la transformación sociopolítica y la empresarización productiva del campo en sus lugares de origen."
Tadó,Chocó,5.3333333,-76.4166667,2013,Universidad de la Salle,PROYECTO UTOPÍA,"El Proyecto Utopía persigue dos objetivos fundamentales: convertir a jóvenes bachilleres de zonas rurales afectadas por la violencia en Ingenieros Agrónomos con la mejor formación posible y con la metodología ‘aprender haciendo’ y ‘enseñar demostrando’; y, hacerlos líderes para la transformación sociopolítica y la empresarización productiva del campo en sus lugares de origen."
El Carmen de Atrato,Chocó,5.898333,-76.143056,2013,Universidad de la Salle,PROYECTO UTOPÍA,"El Proyecto Utopía persigue dos objetivos fundamentales: convertir a jóvenes bachilleres de zonas rurales afectadas por la violencia en Ingenieros Agrónomos con la mejor formación posible y con la metodología ‘aprender haciendo’ y ‘enseñar demostrando’; y, hacerlos líderes para la transformación sociopolítica y la empresarización productiva del campo en sus lugares de origen."
Condoto,Chocó,5.1666667,-76.5,2013,Universidad de la Salle,PROYECTO UTOPÍA,"El Proyecto Utopía persigue dos objetivos fundamentales: convertir a jóvenes bachilleres de zonas rurales afectadas por la violencia en Ingenieros Agrónomos con la mejor formación posible y con la metodología ‘aprender haciendo’ y ‘enseñar demostrando’; y, hacerlos líderes para la transformación sociopolítica y la empresarización productiva del campo en sus lugares de origen."
Cubarral,Meta,3.7713889,-73.8377778,2013,Universidad de la Salle,PROYECTO UTOPÍA,"El Proyecto Utopía persigue dos objetivos fundamentales: convertir a jóvenes bachilleres de zonas rurales afectadas por la violencia en Ingenieros Agrónomos con la mejor formación posible y con la metodología ‘aprender haciendo’ y ‘enseñar demostrando’; y, hacerlos líderes para la transformación sociopolítica y la empresarización productiva del campo en sus lugares de origen."
Cumaral,Meta,4.25,-73.3333333,2013,Universidad de la Salle,PROYECTO UTOPÍA,"El Proyecto Utopía persigue dos objetivos fundamentales: convertir a jóvenes bachilleres de zonas rurales afectadas por la violencia en Ingenieros Agrónomos con la mejor formación posible y con la metodología ‘aprender haciendo’ y ‘enseñar demostrando’; y, hacerlos líderes para la transformación sociopolítica y la empresarización productiva del campo en sus lugares de origen."
El Castillo,Meta,3.5680556,-73.7838889,2013,Universidad de la Salle,PROYECTO UTOPÍA,"El Proyecto Utopía persigue dos objetivos fundamentales: convertir a jóvenes bachilleres de zonas rurales afectadas por la violencia en Ingenieros Agrónomos con la mejor formación posible y con la metodología ‘aprender haciendo’ y ‘enseñar demostrando’; y, hacerlos líderes para la transformación sociopolítica y la empresarización productiva del campo en sus lugares de origen."
Granada,Meta,3.5386111,-73.7005556,2013,Universidad de la Salle,PROYECTO UTOPÍA,"El Proyecto Utopía persigue dos objetivos fundamentales: convertir a jóvenes bachilleres de zonas rurales afectadas por la violencia en Ingenieros Agrónomos con la mejor formación posible y con la metodología ‘aprender haciendo’ y ‘enseñar demostrando’; y, hacerlos líderes para la transformación sociopolítica y la empresarización productiva del campo en sus lugares de origen."
Uribe,Meta,3254,-74358,2013,Universidad de la Salle,PROYECTO UTOPÍA,"El Proyecto Utopía persigue dos objetivos fundamentales: convertir a jóvenes bachilleres de zonas rurales afectadas por la violencia en Ingenieros Agrónomos con la mejor formación posible y con la metodología ‘aprender haciendo’ y ‘enseñar demostrando’; y, hacerlos líderes para la transformación sociopolítica y la empresarización productiva del campo en sus lugares de origen."
 Mesetas,Meta,3.3780556,-74.0447222,2013,Universidad de la Salle,PROYECTO UTOPÍA,"El Proyecto Utopía persigue dos objetivos fundamentales: convertir a jóvenes bachilleres de zonas rurales afectadas por la violencia en Ingenieros Agrónomos con la mejor formación posible y con la metodología ‘aprender haciendo’ y ‘enseñar demostrando’; y, hacerlos líderes para la transformación sociopolítica y la empresarización productiva del campo en sus lugares de origen."
Puerto Gaitán,Meta,4.3141667,-72.0825,2013,Universidad de la Salle,PROYECTO UTOPÍA,"El Proyecto Utopía persigue dos objetivos fundamentales: convertir a jóvenes bachilleres de zonas rurales afectadas por la violencia en Ingenieros Agrónomos con la mejor formación posible y con la metodología ‘aprender haciendo’ y ‘enseñar demostrando’; y, hacerlos líderes para la transformación sociopolítica y la empresarización productiva del campo en sus lugares de origen."
San Carlos de Guaroa,Meta,3.7122222,-73.2436111,2013,Universidad de la Salle,PROYECTO UTOPÍA,"El Proyecto Utopía persigue dos objetivos fundamentales: convertir a jóvenes bachilleres de zonas rurales afectadas por la violencia en Ingenieros Agrónomos con la mejor formación posible y con la metodología ‘aprender haciendo’ y ‘enseñar demostrando’; y, hacerlos líderes para la transformación sociopolítica y la empresarización productiva del campo en sus lugares de origen."
Vistahermosa,Meta,3.0863889,-73.7513889,2013,Universidad de la Salle,PROYECTO UTOPÍA,"El Proyecto Utopía persigue dos objetivos fundamentales: convertir a jóvenes bachilleres de zonas rurales afectadas por la violencia en Ingenieros Agrónomos con la mejor formación posible y con la metodología ‘aprender haciendo’ y ‘enseñar demostrando’; y, hacerlos líderes para la transformación sociopolítica y la empresarización productiva del campo en sus lugares de origen."
Puerto Gaitán,Meta,4.3141667,-72.0825,2013,Universidad de la Salle,PROYECTO UTOPÍA,"El Proyecto Utopía persigue dos objetivos fundamentales: convertir a jóvenes bachilleres de zonas rurales afectadas por la violencia en Ingenieros Agrónomos con la mejor formación posible y con la metodología ‘aprender haciendo’ y ‘enseñar demostrando’; y, hacerlos líderes para la transformación sociopolítica y la empresarización productiva del campo en sus lugares de origen."
El Tarra,Norte de Santander,8.5847222,-73.0883333,2013,Universidad de la Salle,PROYECTO UTOPÍA,"El Proyecto Utopía persigue dos objetivos fundamentales: convertir a jóvenes bachilleres de zonas rurales afectadas por la violencia en Ingenieros Agrónomos con la mejor formación posible y con la metodología ‘aprender haciendo’ y ‘enseñar demostrando’; y, hacerlos líderes para la transformación sociopolítica y la empresarización productiva del campo en sus lugares de origen."
 Puerto Santander,Norte de Santander,8.3636111,-72.4075,2013,Universidad de la Salle,PROYECTO UTOPÍA,"El Proyecto Utopía persigue dos objetivos fundamentales: convertir a jóvenes bachilleres de zonas rurales afectadas por la violencia en Ingenieros Agrónomos con la mejor formación posible y con la metodología ‘aprender haciendo’ y ‘enseñar demostrando’; y, hacerlos líderes para la transformación sociopolítica y la empresarización productiva del campo en sus lugares de origen."
 Sardinata,Norte de Santander,8.25,-72.75,2013,Universidad de la Salle,PROYECTO UTOPÍA,"El Proyecto Utopía persigue dos objetivos fundamentales: convertir a jóvenes bachilleres de zonas rurales afectadas por la violencia en Ingenieros Agrónomos con la mejor formación posible y con la metodología ‘aprender haciendo’ y ‘enseñar demostrando’; y, hacerlos líderes para la transformación sociopolítica y la empresarización productiva del campo en sus lugares de origen."
Tibú,Norte de Santander,8.6480556,-72.7394444,2013,Universidad de la Salle,PROYECTO UTOPÍA,"El Proyecto Utopía persigue dos objetivos fundamentales: convertir a jóvenes bachilleres de zonas rurales afectadas por la violencia en Ingenieros Agrónomos con la mejor formación posible y con la metodología ‘aprender haciendo’ y ‘enseñar demostrando’; y, hacerlos líderes para la transformación sociopolítica y la empresarización productiva del campo en sus lugares de origen."
 Chinácota,Norte de Santander,7.75,-72.55,2013,Universidad de la Salle,PROYECTO UTOPÍA,"El Proyecto Utopía persigue dos objetivos fundamentales: convertir a jóvenes bachilleres de zonas rurales afectadas por la violencia en Ingenieros Agrónomos con la mejor formación posible y con la metodología ‘aprender haciendo’ y ‘enseñar demostrando’; y, hacerlos líderes para la transformación sociopolítica y la empresarización productiva del campo en sus lugares de origen."
 Área rural de Cúcuta,Norte de Santander,7.8833333,-72.5052778,2013,Universidad de la Salle,PROYECTO UTOPÍA,"El Proyecto Utopía persigue dos objetivos fundamentales: convertir a jóvenes bachilleres de zonas rurales afectadas por la violencia en Ingenieros Agrónomos con la mejor formación posible y con la metodología ‘aprender haciendo’ y ‘enseñar demostrando’; y, hacerlos líderes para la transformación sociopolítica y la empresarización productiva del campo en sus lugares de origen."
 Teorama,Norte de Santander,8.75,-73.1666667,2013,Universidad de la Salle,PROYECTO UTOPÍA,"El Proyecto Utopía persigue dos objetivos fundamentales: convertir a jóvenes bachilleres de zonas rurales afectadas por la violencia en Ingenieros Agrónomos con la mejor formación posible y con la metodología ‘aprender haciendo’ y ‘enseñar demostrando’; y, hacerlos líderes para la transformación sociopolítica y la empresarización productiva del campo en sus lugares de origen."
 Landázuri,Santander,6.2238889,-73.8127778,2013,Universidad de la Salle,PROYECTO UTOPÍA,"El Proyecto Utopía persigue dos objetivos fundamentales: convertir a jóvenes bachilleres de zonas rurales afectadas por la violencia en Ingenieros Agrónomos con la mejor formación posible y con la metodología ‘aprender haciendo’ y ‘enseñar demostrando’; y, hacerlos líderes para la transformación sociopolítica y la empresarización productiva del campo en sus lugares de origen."
 Guadalupe,Santander,6.3,-73.3333333,2013,Universidad de la Salle,PROYECTO UTOPÍA,"El Proyecto Utopía persigue dos objetivos fundamentales: convertir a jóvenes bachilleres de zonas rurales afectadas por la violencia en Ingenieros Agrónomos con la mejor formación posible y con la metodología ‘aprender haciendo’ y ‘enseñar demostrando’; y, hacerlos líderes para la transformación sociopolítica y la empresarización productiva del campo en sus lugares de origen."
 La Mojana,Sucre,8.8605556,-75.2805556,2013,Universidad de la Salle,PROYECTO UTOPÍA,"El Proyecto Utopía persigue dos objetivos fundamentales: convertir a jóvenes bachilleres de zonas rurales afectadas por la violencia en Ingenieros Agrónomos con la mejor formación posible y con la metodología ‘aprender haciendo’ y ‘enseñar demostrando’; y, hacerlos líderes para la transformación sociopolítica y la empresarización productiva del campo en sus lugares de origen."
Majagual,Sucre,8.5,-74.6666667,2013,Universidad de la Salle,PROYECTO UTOPÍA,"El Proyecto Utopía persigue dos objetivos fundamentales: convertir a jóvenes bachilleres de zonas rurales afectadas por la violencia en Ingenieros Agrónomos con la mejor formación posible y con la metodología ‘aprender haciendo’ y ‘enseñar demostrando’; y, hacerlos líderes para la transformación sociopolítica y la empresarización productiva del campo en sus lugares de origen."
Ovejas,Sucre,9.5,-75.1666667,2013,Universidad de la Salle,PROYECTO UTOPÍA,"El Proyecto Utopía persigue dos objetivos fundamentales: convertir a jóvenes bachilleres de zonas rurales afectadas por la violencia en Ingenieros Agrónomos con la mejor formación posible y con la metodología ‘aprender haciendo’ y ‘enseñar demostrando’; y, hacerlos líderes para la transformación sociopolítica y la empresarización productiva del campo en sus lugares de origen."
 Palmitos,Sucre,9.3333333,-75.55,2013,Universidad de la Salle,PROYECTO UTOPÍA,"El Proyecto Utopía persigue dos objetivos fundamentales: convertir a jóvenes bachilleres de zonas rurales afectadas por la violencia en Ingenieros Agrónomos con la mejor formación posible y con la metodología ‘aprender haciendo’ y ‘enseñar demostrando’; y, hacerlos líderes para la transformación sociopolítica y la empresarización productiva del campo en sus lugares de origen."
San Antonio de Palmito,Sucre,9.2755556,-75.2455556,2013,Universidad de la Salle,PROYECTO UTOPÍA,"El Proyecto Utopía persigue dos objetivos fundamentales: convertir a jóvenes bachilleres de zonas rurales afectadas por la violencia en Ingenieros Agrónomos con la mejor formación posible y con la metodología ‘aprender haciendo’ y ‘enseñar demostrando’; y, hacerlos líderes para la transformación sociopolítica y la empresarización productiva del campo en sus lugares de origen."
San Juan de Betulia,Sucre,9.2755556,-75.2455556,2013,Universidad de la Salle,PROYECTO UTOPÍA,"El Proyecto Utopía persigue dos objetivos fundamentales: convertir a jóvenes bachilleres de zonas rurales afectadas por la violencia en Ingenieros Agrónomos con la mejor formación posible y con la metodología ‘aprender haciendo’ y ‘enseñar demostrando’; y, hacerlos líderes para la transformación sociopolítica y la empresarización productiva del campo en sus lugares de origen."
 San Onofre,Sucre,9.8333333,-75.5,2013,Universidad de la Salle,PROYECTO UTOPÍA,"El Proyecto Utopía persigue dos objetivos fundamentales: convertir a jóvenes bachilleres de zonas rurales afectadas por la violencia en Ingenieros Agrónomos con la mejor formación posible y con la metodología ‘aprender haciendo’ y ‘enseñar demostrando’; y, hacerlos líderes para la transformación sociopolítica y la empresarización productiva del campo en sus lugares de origen."
 Sucre,Sucre,9,-75,2013,Universidad de la Salle,PROYECTO UTOPÍA,"El Proyecto Utopía persigue dos objetivos fundamentales: convertir a jóvenes bachilleres de zonas rurales afectadas por la violencia en Ingenieros Agrónomos con la mejor formación posible y con la metodología ‘aprender haciendo’ y ‘enseñar demostrando’; y, hacerlos líderes para la transformación sociopolítica y la empresarización productiva del campo en sus lugares de origen."
Toluviejo ,Sucre,9.451944,-75.439444,2013,Universidad de la Salle,PROYECTO UTOPÍA,"El Proyecto Utopía persigue dos objetivos fundamentales: convertir a jóvenes bachilleres de zonas rurales afectadas por la violencia en Ingenieros Agrónomos con la mejor formación posible y con la metodología ‘aprender haciendo’ y ‘enseñar demostrando’; y, hacerlos líderes para la transformación sociopolítica y la empresarización productiva del campo en sus lugares de origen."
 Chaparral,Tolima,3.75,-75.5833333,2013,Universidad de la Salle,PROYECTO UTOPÍA,"El Proyecto Utopía persigue dos objetivos fundamentales: convertir a jóvenes bachilleres de zonas rurales afectadas por la violencia en Ingenieros Agrónomos con la mejor formación posible y con la metodología ‘aprender haciendo’ y ‘enseñar demostrando’; y, hacerlos líderes para la transformación sociopolítica y la empresarización productiva del campo en sus lugares de origen."
Planadas,Tolima,3.25,-75.75,2013,Universidad de la Salle,PROYECTO UTOPÍA,"El Proyecto Utopía persigue dos objetivos fundamentales: convertir a jóvenes bachilleres de zonas rurales afectadas por la violencia en Ingenieros Agrónomos con la mejor formación posible y con la metodología ‘aprender haciendo’ y ‘enseñar demostrando’; y, hacerlos líderes para la transformación sociopolítica y la empresarización productiva del campo en sus lugares de origen."
 Florida,Valle del Cauca,3.3275,-76.2386111,2013,Universidad de la Salle,PROYECTO UTOPÍA,"El Proyecto Utopía persigue dos objetivos fundamentales: convertir a jóvenes bachilleres de zonas rurales afectadas por la violencia en Ingenieros Agrónomos con la mejor formación posible y con la metodología ‘aprender haciendo’ y ‘enseñar demostrando’; y, hacerlos líderes para la transformación sociopolítica y la empresarización productiva del campo en sus lugares de origen."
Dagua,Valle del Cauca,3.6602778,-76.6927778,2013,Universidad de la Salle,PROYECTO UTOPÍA,"El Proyecto Utopía persigue dos objetivos fundamentales: convertir a jóvenes bachilleres de zonas rurales afectadas por la violencia en Ingenieros Agrónomos con la mejor formación posible y con la metodología ‘aprender haciendo’ y ‘enseñar demostrando’; y, hacerlos líderes para la transformación sociopolítica y la empresarización productiva del campo en sus lugares de origen."
 Cumaribo,Vichada,4.4444444,-69.8002778,2013,Universidad de la Salle,PROYECTO UTOPÍA,"El Proyecto Utopía persigue dos objetivos fundamentales: convertir a jóvenes bachilleres de zonas rurales afectadas por la violencia en Ingenieros Agrónomos con la mejor formación posible y con la metodología ‘aprender haciendo’ y ‘enseñar demostrando’; y, hacerlos líderes para la transformación sociopolítica y la empresarización productiva del campo en sus lugares de origen."
La Primavera,Vichada,5.4905556,-70.4091667,2013,Universidad de la Salle,PROYECTO UTOPÍA,"El Proyecto Utopía persigue dos objetivos fundamentales: convertir a jóvenes bachilleres de zonas rurales afectadas por la violencia en Ingenieros Agrónomos con la mejor formación posible y con la metodología ‘aprender haciendo’ y ‘enseñar demostrando’; y, hacerlos líderes para la transformación sociopolítica y la empresarización productiva del campo en sus lugares de origen."
Puerto Carreño,Vichada,6.1877778,-67.4730556,2013,Universidad de la Salle,PROYECTO UTOPÍA,"El Proyecto Utopía persigue dos objetivos fundamentales: convertir a jóvenes bachilleres de zonas rurales afectadas por la violencia en Ingenieros Agrónomos con la mejor formación posible y con la metodología ‘aprender haciendo’ y ‘enseñar demostrando’; y, hacerlos líderes para la transformación sociopolítica y la empresarización productiva del campo en sus lugares de origen."
 Santa Rosalía,Vichada,5.1261111,-70.8758333,2013,Universidad de la Salle,PROYECTO UTOPÍA,"El Proyecto Utopía persigue dos objetivos fundamentales: convertir a jóvenes bachilleres de zonas rurales afectadas por la violencia en Ingenieros Agrónomos con la mejor formación posible y con la metodología ‘aprender haciendo’ y ‘enseñar demostrando’; y, hacerlos líderes para la transformación sociopolítica y la empresarización productiva del campo en sus lugares de origen."
La Hormiga,Putumayo,0.6966667,-76.8747222,2013,Universidad de la Salle,PROYECTO UTOPÍA,"El Proyecto Utopía persigue dos objetivos fundamentales: convertir a jóvenes bachilleres de zonas rurales afectadas por la violencia en Ingenieros Agrónomos con la mejor formación posible y con la metodología ‘aprender haciendo’ y ‘enseñar demostrando’; y, hacerlos líderes para la transformación sociopolítica y la empresarización productiva del campo en sus lugares de origen."
Orito,Putumayo,0.6966667,-76.8747222,2013,Universidad de la Salle,PROYECTO UTOPÍA,"El Proyecto Utopía persigue dos objetivos fundamentales: convertir a jóvenes bachilleres de zonas rurales afectadas por la violencia en Ingenieros Agrónomos con la mejor formación posible y con la metodología ‘aprender haciendo’ y ‘enseñar demostrando’; y, hacerlos líderes para la transformación sociopolítica y la empresarización productiva del campo en sus lugares de origen."
San Miguel ,Putumayo,0.3394444,-76.8830556,2013,Universidad de la Salle,PROYECTO UTOPÍA,"El Proyecto Utopía persigue dos objetivos fundamentales: convertir a jóvenes bachilleres de zonas rurales afectadas por la violencia en Ingenieros Agrónomos con la mejor formación posible y con la metodología ‘aprender haciendo’ y ‘enseñar demostrando’; y, hacerlos líderes para la transformación sociopolítica y la empresarización productiva del campo en sus lugares de origen."
Acandí,Chocó,8.3333333,-77.1666667,2012,Asociación de Desarrollo Alternativo del Urabá y el Darién Colombiano – ASOCIACIÓN GUARDAGOLFO.,Familias Guardagolfo: “Pescando sueños de paz”,"Fortalecer a las organizaciones de base, en sus distintas líneas productivas (pesca artesanal, turismo de naturaleza, artesanías, caucho natural y apicultura), orientando acciones en para el mejoramiento productivo, de transformación y comercialización aplicando  parámetros de producción responsable y respetuosa del medio ambiente acorde a las condiciones geográficas, ambientales y sociales del golfo y garantizando la generación de ingresos dentro del marco de la legalidad de acuerdo a las características regionales y sociales de la región."
 Unguía,Chocó,8.0430556,-77.0961111,2012,Asociación de Desarrollo Alternativo del Urabá y el Darién Colombiano – ASOCIACIÓN GUARDAGOLFO.,Familias Guardagolfo: “Pescando sueños de paz”,"Fortalecer a las organizaciones de base, en sus distintas líneas productivas (pesca artesanal, turismo de naturaleza, artesanías, caucho natural y apicultura), orientando acciones en para el mejoramiento productivo, de transformación y comercialización aplicando  parámetros de producción responsable y respetuosa del medio ambiente acorde a las condiciones geográficas, ambientales y sociales del golfo y garantizando la generación de ingresos dentro del marco de la legalidad de acuerdo a las características regionales y sociales de la región."
 Turbo,Antioquia,8,-76.5833333,2012,Asociación de Desarrollo Alternativo del Urabá y el Darién Colombiano – ASOCIACIÓN GUARDAGOLFO.,Familias Guardagolfo: “Pescando sueños de paz”,"Fortalecer a las organizaciones de base, en sus distintas líneas productivas (pesca artesanal, turismo de naturaleza, artesanías, caucho natural y apicultura), orientando acciones en para el mejoramiento productivo, de transformación y comercialización aplicando  parámetros de producción responsable y respetuosa del medio ambiente acorde a las condiciones geográficas, ambientales y sociales del golfo y garantizando la generación de ingresos dentro del marco de la legalidad de acuerdo a las características regionales y sociales de la región."
Necoclí,Antioquia,8.4238889,-76.7911111,2012,Asociación de Desarrollo Alternativo del Urabá y el Darién Colombiano – ASOCIACIÓN GUARDAGOLFO.,Familias Guardagolfo: “Pescando sueños de paz”,"Fortalecer a las organizaciones de base, en sus distintas líneas productivas (pesca artesanal, turismo de naturaleza, artesanías, caucho natural y apicultura), orientando acciones en para el mejoramiento productivo, de transformación y comercialización aplicando  parámetros de producción responsable y respetuosa del medio ambiente acorde a las condiciones geográficas, ambientales y sociales del golfo y garantizando la generación de ingresos dentro del marco de la legalidad de acuerdo a las características regionales y sociales de la región."
San Juan de Uraba ,Antioquia,8.7630556,-76.53,2012,Asociación de Desarrollo Alternativo del Urabá y el Darién Colombiano – ASOCIACIÓN GUARDAGOLFO.,Familias Guardagolfo: “Pescando sueños de paz”,"Fortalecer a las organizaciones de base, en sus distintas líneas productivas (pesca artesanal, turismo de naturaleza, artesanías, caucho natural y apicultura), orientando acciones en para el mejoramiento productivo, de transformación y comercialización aplicando  parámetros de producción responsable y respetuosa del medio ambiente acorde a las condiciones geográficas, ambientales y sociales del golfo y garantizando la generación de ingresos dentro del marco de la legalidad de acuerdo a las características regionales y sociales de la región."
Arboletes,Antioquia,8.5,-76.4166667,2012,Asociación de Desarrollo Alternativo del Urabá y el Darién Colombiano – ASOCIACIÓN GUARDAGOLFO.,Familias Guardagolfo: “Pescando sueños de paz”,"Fortalecer a las organizaciones de base, en sus distintas líneas productivas (pesca artesanal, turismo de naturaleza, artesanías, caucho natural y apicultura), orientando acciones en para el mejoramiento productivo, de transformación y comercialización aplicando  parámetros de producción responsable y respetuosa del medio ambiente acorde a las condiciones geográficas, ambientales y sociales del golfo y garantizando la generación de ingresos dentro del marco de la legalidad de acuerdo a las características regionales y sociales de la región."
Las Córdobas,Córdoba,8.9,-76.3597222,2012,Asociación de Desarrollo Alternativo del Urabá y el Darién Colombiano – ASOCIACIÓN GUARDAGOLFO.,Familias Guardagolfo: “Pescando sueños de paz”,"Fortalecer a las organizaciones de base, en sus distintas líneas productivas (pesca artesanal, turismo de naturaleza, artesanías, caucho natural y apicultura), orientando acciones en para el mejoramiento productivo, de transformación y comercialización aplicando  parámetros de producción responsable y respetuosa del medio ambiente acorde a las condiciones geográficas, ambientales y sociales del golfo y garantizando la generación de ingresos dentro del marco de la legalidad de acuerdo a las características regionales y sociales de la región."
Anorí,Antioquia,7.1666667,-75.0833333,2012,Asociación municipal de cacaocultores Anorí,Chocolates Anorí,"Promover el desarrollo alternativo de comunidades campesinas en zonas donde se han sustituido cultivos de uso ilícito, a través de la producción y comercialización del cacao y sus derivados. Trabajar por la reconstrucción del tejido social y organizativo de los pequeños productores de la región."
Cali ,Valle del Cauca,3.4372222,-76.5225,2012,"Corporación de Desarrollo Productivo del Cuero, Calzado y Marroquinería “CDP DEL CUERO”",Programa Taller Escuela,"El objetivo de la iniciativa es fomentar el acceso al entorno laboral de población vulnerable al conflicto, a través de la producción de calzado, con el fin de mejorar sus condiciones de vida y la de sus familias."
Bogotá,Cundinamarca,4.6,-74.0833333,2012,"Corporación de Desarrollo Productivo del Cuero, Calzado y Marroquinería “CDP DEL CUERO”",Programa Taller Escuela,"El objetivo de la iniciativa es fomentar el acceso al entorno laboral de población vulnerable al conflicto, a través de la producción de calzado, con el fin de mejorar sus condiciones de vida y la de sus familias."
Pereira,Risaralda,4.8133333,-75.6961111,2012,"Corporación de Desarrollo Productivo del Cuero, Calzado y Marroquinería “CDP DEL CUERO”",Programa Taller Escuela,"El objetivo de la iniciativa es fomentar el acceso al entorno laboral de población vulnerable al conflicto, a través de la producción de calzado, con el fin de mejorar sus condiciones de vida y la de sus familias."
Jardín,Antioquia,5.5833333,-75.8333333,2012,Cooperativa de caficultores de Andes Ltda,Familias Guardagolfo: “Pescando sueños de paz”,"El objetivo de la iniciativa está orientado a prevenir efectos del conflicto armado colombiano
mejorando las condiciones sociales y ambientales de productores de café, sus familias, sus fincas y la comunidad, mediante la creación de valor agregado con la generación de ingreso económico real a través de la comercialización de café diferenciado en una central de beneficio comunitaria."
Barranquilla,Atlantico,10.9638889,-74.7963889,2012,Sodexo S.A,Programa Soluciones,"Soluciones es un Programa hecho realidad gracias al compromiso de Empresarios Antioqueños, que decidieron marcar la diferencia generando empleo inicialmente con población desmovilizada, ex-integrantes de grupos armados al margen de la ley y luego con población víctimas del conflicto. Sodexo administra y opera el Programa Soluciones desde Enero de 2006."
Bogotá D.C,Cundinamarca,4.6,-74.0833333,2012,Sodexo S.A,Programa Soluciones,"Soluciones es un Programa hecho realidad gracias al compromiso de Empresarios Antioqueños, que decidieron marcar la diferencia generando empleo inicialmente con población desmovilizada, ex-integrantes de grupos armados al margen de la ley y luego con población víctimas del conflicto. Sodexo administra y opera el Programa Soluciones desde Enero de 2006."
Medellín,Antioquia,6.2913889,-75.5361111,2012,Sodexo S.A,Programa Soluciones,"Soluciones es un Programa hecho realidad gracias al compromiso de Empresarios Antioqueños, que decidieron marcar la diferencia generando empleo inicialmente con población desmovilizada, ex-integrantes de grupos armados al margen de la ley y luego con población víctimas del conflicto. Sodexo administra y opera el Programa Soluciones desde Enero de 2006."
Santa Rosa del Sur,Bolívar,7.9644444,-74.0544444,2011,Asociación de Productores de Cacao del Sur de Bolívar - APROCASUR,Bosques de chocolate para la vida,"Consolidar una apuesta de desarrollo alternativo basado en cacao, bajo modelo agroforestal,
construido y promovido desde la base social (campesinos), y fortalecer la el sentido organizativo de los campesinos, desde una visión social, empresarial y técnica, de carácter regional y nacional, capaz de generar desarrollo local con participación amplia de la población rural vinculada a las políticas públicas y generando oferta de ingresos a partir de actividades lícitas."
 San Pablo,Bolivar,10.0527778,-75.2680556,2011,Asociación de Productores de Cacao del Sur de Bolívar - APROCASUR,Bosques de chocolate para la vida,"Consolidar una apuesta de desarrollo alternativo basado en cacao, bajo modelo agroforestal,
construido y promovido desde la base social (campesinos), y fortalecer la el sentido organizativo de los campesinos, desde una visión social, empresarial y técnica, de carácter regional y nacional, capaz de generar desarrollo local con participación amplia de la población rural vinculada a las políticas públicas y generando oferta de ingresos a partir de actividades lícitas."
Simití ,Bolivar,7.5833333,-74.1666667,2011,Asociación de Productores de Cacao del Sur de Bolívar - APROCASUR,Bosques de chocolate para la vida,"Consolidar una apuesta de desarrollo alternativo basado en cacao, bajo modelo agroforestal,
construido y promovido desde la base social (campesinos), y fortalecer la el sentido organizativo de los campesinos, desde una visión social, empresarial y técnica, de carácter regional y nacional, capaz de generar desarrollo local con participación amplia de la población rural vinculada a las políticas públicas y generando oferta de ingresos a partir de actividades lícitas."
Carmen de Bolivar,Bolivar,9.75,-75.1666667,2011,Asociación de Productores de Cacao del Sur de Bolívar - APROCASUR,Bosques de chocolate para la vida,"Consolidar una apuesta de desarrollo alternativo basado en cacao, bajo modelo agroforestal,
construido y promovido desde la base social (campesinos), y fortalecer la el sentido organizativo de los campesinos, desde una visión social, empresarial y técnica, de carácter regional y nacional, capaz de generar desarrollo local con participación amplia de la población rural vinculada a las políticas públicas y generando oferta de ingresos a partir de actividades lícitas."
La Jagua de Ibirico,Cesar,9.5641667,-73.3375,2011,Asociación de Productores de Cacao del Sur de Bolívar - APROCASUR,Bosques de chocolate para la vida,"Consolidar una apuesta de desarrollo alternativo basado en cacao, bajo modelo agroforestal,
construido y promovido desde la base social (campesinos), y fortalecer la el sentido organizativo de los campesinos, desde una visión social, empresarial y técnica, de carácter regional y nacional, capaz de generar desarrollo local con participación amplia de la población rural vinculada a las políticas públicas y generando oferta de ingresos a partir de actividades lícitas."
La Gloria,Cesar,8.5833333,-73.5833333,2011,Asociación de Productores de Cacao del Sur de Bolívar - APROCASUR,Bosques de chocolate para la vida,"Consolidar una apuesta de desarrollo alternativo basado en cacao, bajo modelo agroforestal,
construido y promovido desde la base social (campesinos), y fortalecer la el sentido organizativo de los campesinos, desde una visión social, empresarial y técnica, de carácter regional y nacional, capaz de generar desarrollo local con participación amplia de la población rural vinculada a las políticas públicas y generando oferta de ingresos a partir de actividades lícitas."
San Alberto ,Cesar,7.7525,-73.3891667,2011,Asociación de Productores de Cacao del Sur de Bolívar - APROCASUR,Bosques de chocolate para la vida,"Consolidar una apuesta de desarrollo alternativo basado en cacao, bajo modelo agroforestal,
construido y promovido desde la base social (campesinos), y fortalecer la el sentido organizativo de los campesinos, desde una visión social, empresarial y técnica, de carácter regional y nacional, capaz de generar desarrollo local con participación amplia de la población rural vinculada a las políticas públicas y generando oferta de ingresos a partir de actividades lícitas."
Aguachica,Cesar,8.3333333,-73.5833333,2011,Asociación de Productores de Cacao del Sur de Bolívar - APROCASUR,Bosques de chocolate para la vida,"Consolidar una apuesta de desarrollo alternativo basado en cacao, bajo modelo agroforestal,
construido y promovido desde la base social (campesinos), y fortalecer la el sentido organizativo de los campesinos, desde una visión social, empresarial y técnica, de carácter regional y nacional, capaz de generar desarrollo local con participación amplia de la población rural vinculada a las políticas públicas y generando oferta de ingresos a partir de actividades lícitas."
Puerto Parra,Santander,6.6516667,-74.0608333,2011,Asociación de Productores de Cacao del Sur de Bolívar - APROCASUR,Bosques de chocolate para la vida,"Consolidar una apuesta de desarrollo alternativo basado en cacao, bajo modelo agroforestal,
construido y promovido desde la base social (campesinos), y fortalecer la el sentido organizativo de los campesinos, desde una visión social, empresarial y técnica, de carácter regional y nacional, capaz de generar desarrollo local con participación amplia de la población rural vinculada a las políticas públicas y generando oferta de ingresos a partir de actividades lícitas."
Ansermanuevo,Valle del Cauca,4.7972222,-75995,2011,Federación Nacional de Cafeteros de Colombia. Comité Departamental Cafeteros del Valle del Cauca,"Generación de alternativas para la estabilización socioeconómica de familias desplazadas,retornadas y en alta vulnerabilidad social que habitan en la zona rural del Valle del Cauca.","Contribuir a la estabilización socioeconómica de 470 familias retornadas, receptoras y vulnerables que habitan la zona rural de los 27 municipios del Valle del Cauca."
Obando,Valle del Cauca,4.5833333,-75.9166667,2011,Federación Nacional de Cafeteros de Colombia. Comité Departamental Cafeteros del Valle del Cauca,"Generación de alternativas para la estabilización socioeconómica de familias desplazadas,retornadas y en alta vulnerabilidad social que habitan en la zona rural del Valle del Cauca.","Contribuir a la estabilización socioeconómica de 470 familias retornadas, receptoras y vulnerables que habitan la zona rural de los 27 municipios del Valle del Cauca."
Sevilla,Valle del Cauca,4.2688889,-75.9361111,2011,Federación Nacional de Cafeteros de Colombia. Comité Departamental Cafeteros del Valle del Cauca,"Generación de alternativas para la estabilización socioeconómica de familias desplazadas,retornadas y en alta vulnerabilidad social que habitan en la zona rural del Valle del Cauca.","Contribuir a la estabilización socioeconómica de 470 familias retornadas, receptoras y vulnerables que habitan la zona rural de los 27 municipios del Valle del Cauca."
Caicedonia,Valle del Cauca,4.333659175,-75.83424568,2011,Federación Nacional de Cafeteros de Colombia. Comité Departamental Cafeteros del Valle del Cauca,"Generación de alternativas para la estabilización socioeconómica de familias desplazadas,retornadas y en alta vulnerabilidad social que habitan en la zona rural del Valle del Cauca.","Contribuir a la estabilización socioeconómica de 470 familias retornadas, receptoras y vulnerables que habitan la zona rural de los 27 municipios del Valle del Cauca."
"Trujillo, Ginebra",Valle del Cauca,4.25,-76.3333333,2011,Federación Nacional de Cafeteros de Colombia. Comité Departamental Cafeteros del Valle del Cauca,"Generación de alternativas para la estabilización socioeconómica de familias desplazadas,retornadas y en alta vulnerabilidad social que habitan en la zona rural del Valle del Cauca.","Contribuir a la estabilización socioeconómica de 470 familias retornadas, receptoras y vulnerables que habitan la zona rural de los 27 municipios del Valle del Cauca."
Cartago,Valle del Cauca,4.7463889,-75.9116667,2011,Federación Nacional de Cafeteros de Colombia. Comité Departamental Cafeteros del Valle del Cauca,"Generación de alternativas para la estabilización socioeconómica de familias desplazadas,retornadas y en alta vulnerabilidad social que habitan en la zona rural del Valle del Cauca.","Contribuir a la estabilización socioeconómica de 470 familias retornadas, receptoras y vulnerables que habitan la zona rural de los 27 municipios del Valle del Cauca."
 La Cumbre,Valle del Cauca,3.6666667,-76.5833333,2011,Federación Nacional de Cafeteros de Colombia. Comité Departamental Cafeteros del Valle del Cauca,"Generación de alternativas para la estabilización socioeconómica de familias desplazadas,retornadas y en alta vulnerabilidad social que habitan en la zona rural del Valle del Cauca.","Contribuir a la estabilización socioeconómica de 470 familias retornadas, receptoras y vulnerables que habitan la zona rural de los 27 municipios del Valle del Cauca."
 El Dovio,Valle del Cauca,4.5,-76.25,2011,Federación Nacional de Cafeteros de Colombia. Comité Departamental Cafeteros del Valle del Cauca,"Generación de alternativas para la estabilización socioeconómica de familias desplazadas,retornadas y en alta vulnerabilidad social que habitan en la zona rural del Valle del Cauca.","Contribuir a la estabilización socioeconómica de 470 familias retornadas, receptoras y vulnerables que habitan la zona rural de los 27 municipios del Valle del Cauca."
Riofrio,Valle del Cauca,4.0833333,-76.3333333,2011,Federación Nacional de Cafeteros de Colombia. Comité Departamental Cafeteros del Valle del Cauca,"Generación de alternativas para la estabilización socioeconómica de familias desplazadas,retornadas y en alta vulnerabilidad social que habitan en la zona rural del Valle del Cauca.","Contribuir a la estabilización socioeconómica de 470 familias retornadas, receptoras y vulnerables que habitan la zona rural de los 27 municipios del Valle del Cauca."
 Bugalagrande,Valle del Cauca,4.2094444,-76.1602778,2011,Federación Nacional de Cafeteros de Colombia. Comité Departamental Cafeteros del Valle del Cauca,"Generación de alternativas para la estabilización socioeconómica de familias desplazadas,retornadas y en alta vulnerabilidad social que habitan en la zona rural del Valle del Cauca.","Contribuir a la estabilización socioeconómica de 470 familias retornadas, receptoras y vulnerables que habitan la zona rural de los 27 municipios del Valle del Cauca."
El Cairo,Valle del Cauca,4.75,-76.25,2011,Federación Nacional de Cafeteros de Colombia. Comité Departamental Cafeteros del Valle del Cauca,"Generación de alternativas para la estabilización socioeconómica de familias desplazadas,retornadas y en alta vulnerabilidad social que habitan en la zona rural del Valle del Cauca.","Contribuir a la estabilización socioeconómica de 470 familias retornadas, receptoras y vulnerables que habitan la zona rural de los 27 municipios del Valle del Cauca."
Tulua,Valle del Cauca,4.0866667,-76.2,2011,Federación Nacional de Cafeteros de Colombia. Comité Departamental Cafeteros del Valle del Cauca,"Generación de alternativas para la estabilización socioeconómica de familias desplazadas,retornadas y en alta vulnerabilidad social que habitan en la zona rural del Valle del Cauca.","Contribuir a la estabilización socioeconómica de 470 familias retornadas, receptoras y vulnerables que habitan la zona rural de los 27 municipios del Valle del Cauca."
Guadalajara De Buga,Valle del Cauca,4.2094444,-76.1602778,2011,Federación Nacional de Cafeteros de Colombia. Comité Departamental Cafeteros del Valle del Cauca,"Generación de alternativas para la estabilización socioeconómica de familias desplazadas,retornadas y en alta vulnerabilidad social que habitan en la zona rural del Valle del Cauca.","Contribuir a la estabilización socioeconómica de 470 familias retornadas, receptoras y vulnerables que habitan la zona rural de los 27 municipios del Valle del Cauca."
Alcala,Valle del Cauca,4.6666667,-75.75,2011,Federación Nacional de Cafeteros de Colombia. Comité Departamental Cafeteros del Valle del Cauca,"Generación de alternativas para la estabilización socioeconómica de familias desplazadas,retornadas y en alta vulnerabilidad social que habitan en la zona rural del Valle del Cauca.","Contribuir a la estabilización socioeconómica de 470 familias retornadas, receptoras y vulnerables que habitan la zona rural de los 27 municipios del Valle del Cauca."
Ulloa,Valle del Cauca,4.7166667,-75.75,2011,Federación Nacional de Cafeteros de Colombia. Comité Departamental Cafeteros del Valle del Cauca,"Generación de alternativas para la estabilización socioeconómica de familias desplazadas,retornadas y en alta vulnerabilidad social que habitan en la zona rural del Valle del Cauca.","Contribuir a la estabilización socioeconómica de 470 familias retornadas, receptoras y vulnerables que habitan la zona rural de los 27 municipios del Valle del Cauca."
Restrepo,Valle del Cauca,3.7833333,-76.5,2011,Federación Nacional de Cafeteros de Colombia. Comité Departamental Cafeteros del Valle del Cauca,"Generación de alternativas para la estabilización socioeconómica de familias desplazadas,retornadas y en alta vulnerabilidad social que habitan en la zona rural del Valle del Cauca.","Contribuir a la estabilización socioeconómica de 470 familias retornadas, receptoras y vulnerables que habitan la zona rural de los 27 municipios del Valle del Cauca."
El Aguila,Valle del Cauca,4.9166667,-76.0833333,2011,Federación Nacional de Cafeteros de Colombia. Comité Departamental Cafeteros del Valle del Cauca,"Generación de alternativas para la estabilización socioeconómica de familias desplazadas,retornadas y en alta vulnerabilidad social que habitan en la zona rural del Valle del Cauca.","Contribuir a la estabilización socioeconómica de 470 familias retornadas, receptoras y vulnerables que habitan la zona rural de los 27 municipios del Valle del Cauca."
Dagua,Valle del Cauca,3.6602778,-76.6927778,2011,Federación Nacional de Cafeteros de Colombia. Comité Departamental Cafeteros del Valle del Cauca,"Generación de alternativas para la estabilización socioeconómica de familias desplazadas,retornadas y en alta vulnerabilidad social que habitan en la zona rural del Valle del Cauca.","Contribuir a la estabilización socioeconómica de 470 familias retornadas, receptoras y vulnerables que habitan la zona rural de los 27 municipios del Valle del Cauca."
Argelia,Valle del Cauca,4.7,-76.1333333,2011,Federación Nacional de Cafeteros de Colombia. Comité Departamental Cafeteros del Valle del Cauca,"Generación de alternativas para la estabilización socioeconómica de familias desplazadas,retornadas y en alta vulnerabilidad social que habitan en la zona rural del Valle del Cauca.","Contribuir a la estabilización socioeconómica de 470 familias retornadas, receptoras y vulnerables que habitan la zona rural de los 27 municipios del Valle del Cauca."
Pradera,Valle del Cauca,3.4211111,-76.2447222,2011,Federación Nacional de Cafeteros de Colombia. Comité Departamental Cafeteros del Valle del Cauca,"Generación de alternativas para la estabilización socioeconómica de familias desplazadas,retornadas y en alta vulnerabilidad social que habitan en la zona rural del Valle del Cauca.","Contribuir a la estabilización socioeconómica de 470 familias retornadas, receptoras y vulnerables que habitan la zona rural de los 27 municipios del Valle del Cauca."
Jamundi,Valle del Cauca,3.1666667,-76.5833333,2011,Federación Nacional de Cafeteros de Colombia. Comité Departamental Cafeteros del Valle del Cauca,"Generación de alternativas para la estabilización socioeconómica de familias desplazadas,retornadas y en alta vulnerabilidad social que habitan en la zona rural del Valle del Cauca.","Contribuir a la estabilización socioeconómica de 470 familias retornadas, receptoras y vulnerables que habitan la zona rural de los 27 municipios del Valle del Cauca."
Versalles,Valle del Cauca,4.6666667,-76.25,2011,Federación Nacional de Cafeteros de Colombia. Comité Departamental Cafeteros del Valle del Cauca,"Generación de alternativas para la estabilización socioeconómica de familias desplazadas,retornadas y en alta vulnerabilidad social que habitan en la zona rural del Valle del Cauca.","Contribuir a la estabilización socioeconómica de 470 familias retornadas, receptoras y vulnerables que habitan la zona rural de los 27 municipios del Valle del Cauca."
 La Unión,Valle del Cauca,4.5358333,-76.1066667,2011,Federación Nacional de Cafeteros de Colombia. Comité Departamental Cafeteros del Valle del Cauca,"Generación de alternativas para la estabilización socioeconómica de familias desplazadas,retornadas y en alta vulnerabilidad social que habitan en la zona rural del Valle del Cauca.","Contribuir a la estabilización socioeconómica de 470 familias retornadas, receptoras y vulnerables que habitan la zona rural de los 27 municipios del Valle del Cauca."
Calima,Valle del Cauca,3.4372222,-76.5225,2011,Federación Nacional de Cafeteros de Colombia. Comité Departamental Cafeteros del Valle del Cauca,"Generación de alternativas para la estabilización socioeconómica de familias desplazadas,retornadas y en alta vulnerabilidad social que habitan en la zona rural del Valle del Cauca.","Contribuir a la estabilización socioeconómica de 470 familias retornadas, receptoras y vulnerables que habitan la zona rural de los 27 municipios del Valle del Cauca."
Vijes,Valle del Cauca,3.6986111,-76.4491667,2011,Federación Nacional de Cafeteros de Colombia. Comité Departamental Cafeteros del Valle del Cauca,"Generación de alternativas para la estabilización socioeconómica de familias desplazadas,retornadas y en alta vulnerabilidad social que habitan en la zona rural del Valle del Cauca.","Contribuir a la estabilización socioeconómica de 470 familias retornadas, receptoras y vulnerables que habitan la zona rural de los 27 municipios del Valle del Cauca."
Yotoco,Valle del Cauca,3.9166667,-76.3333333,2011,Federación Nacional de Cafeteros de Colombia. Comité Departamental Cafeteros del Valle del Cauca,"Generación de alternativas para la estabilización socioeconómica de familias desplazadas,retornadas y en alta vulnerabilidad social que habitan en la zona rural del Valle del Cauca.","Contribuir a la estabilización socioeconómica de 470 familias retornadas, receptoras y vulnerables que habitan la zona rural de los 27 municipios del Valle del Cauca."
San Vicente del Caguán,Caquetá,2.1525,-74.7888889,2011,Nestlé de Colombia,"Centros de Convivencia, Paz y Reconciliación – Municipios de Bugalagrande, Valle del Cauca; San Vicente del Caguán y Cartagena del Chairá, Caquetá.","El objetivo de esta iniciativa se basa en la necesidad de Crear Valor Compartido en las comunidades donde Nestlé está presente con sus operaciones, para generar una red de impulso hacia un sistema local de reconciliación, a partir de la instalación de los Centros de Reconciliación. Estos centros proponen la pedagogía del Perdón, el Cuidado y la Reconciliación, como fundamento y pilar en la construcción de una cultura de convivencia y paz."
Cartagena del Chairá,Caquetá,1.35,-74.84,2011,Nestlé de Colombia,"Centros de Convivencia, Paz y Reconciliación – Municipios de Bugalagrande, Valle del Cauca; San Vicente del Caguán y Cartagena del Chairá, Caquetá.","El objetivo de esta iniciativa se basa en la necesidad de Crear Valor Compartido en las comunidades donde Nestlé está presente con sus operaciones, para generar una red de impulso hacia un sistema local de reconciliación, a partir de la instalación de los Centros de Reconciliación. Estos centros proponen la pedagogía del Perdón, el Cuidado y la Reconciliación, como fundamento y pilar en la construcción de una cultura de convivencia y paz."
 Bugalagrande,Valle del Cauca,4.2094444,-76.1602778,2011,Nestlé de Colombia,"Centros de Convivencia, Paz y Reconciliación – Municipios de Bugalagrande, Valle del Cauca; San Vicente del Caguán y Cartagena del Chairá, Caquetá.","El objetivo de esta iniciativa se basa en la necesidad de Crear Valor Compartido en las comunidades donde Nestlé está presente con sus operaciones, para generar una red de impulso hacia un sistema local de reconciliación, a partir de la instalación de los Centros de Reconciliación. Estos centros proponen la pedagogía del Perdón, el Cuidado y la Reconciliación, como fundamento y pilar en la construcción de una cultura de convivencia y paz."
Cartagena,Bolivar,10.3997222,-75.5144444,2011,"Surtigas y su fundación empresarial, Fundación Surtigas",Jóvenes con Valores Productivos,"Lograr la recuperación social y económica de familias en condición de desplazamiento y vulnerables mediante el fortalecimiento de habilidades y competencias, especialmente de los jóvenes, para la inserción laboral y el establecimiento de unidades productivas orientadas a la comercialización, articuladas a la red de protección social y económica pública y privada."
 Sincelejo,Sucre,9.3047222,-75.3977778,2011,"Surtigas y su fundación empresarial, Fundación Surtigas",Jóvenes con Valores Productivos,"Lograr la recuperación social y económica de familias en condición de desplazamiento y vulnerables mediante el fortalecimiento de habilidades y competencias, especialmente de los jóvenes, para la inserción laboral y el establecimiento de unidades productivas orientadas a la comercialización, articuladas a la red de protección social y económica pública y privada."
San Onofre,Sucre,9.8333333,-75.5,2011,"Surtigas y su fundación empresarial, Fundación Surtigas",Jóvenes con Valores Productivos,"Lograr la recuperación social y económica de familias en condición de desplazamiento y vulnerables mediante el fortalecimiento de habilidades y competencias, especialmente de los jóvenes, para la inserción laboral y el establecimiento de unidades productivas orientadas a la comercialización, articuladas a la red de protección social y económica pública y privada."
Ovejas,Sucre,9.5,-75.1666667,2011,"Surtigas y su fundación empresarial, Fundación Surtigas",Jóvenes con Valores Productivos,"Lograr la recuperación social y económica de familias en condición de desplazamiento y vulnerables mediante el fortalecimiento de habilidades y competencias, especialmente de los jóvenes, para la inserción laboral y el establecimiento de unidades productivas orientadas a la comercialización, articuladas a la red de protección social y económica pública y privada."
San Onofre,Sucre,9.8333333,-75.5,2010,Cementos Argos,"Programa de reintegración y desarrollo comunitario de San Onofre, Puerto Triunfo y Puerto Nare.","Desarrollar e implementar un modelo de intervención incluyente que permita la recuperación económica y social del Magdalena Medio antioqueño y el norte del departamento de Sucre, bajo esquemas de desarrollo sostenible que responda a las prioridades del gobierno y las necesidades de la población vulnerable."
Puerto Nare,Antioquia,6.1916667,-74.5866667,2010,Cementos Argos,"Programa de reintegración y desarrollo comunitario de San Onofre, Puerto Triunfo y Puerto Nare.","Desarrollar e implementar un modelo de intervención incluyente que permita la recuperación económica y social del Magdalena Medio antioqueño y el norte del departamento de Sucre, bajo esquemas de desarrollo sostenible que responda a las prioridades del gobierno y las necesidades de la población vulnerable."
 Puerto Triunfo,Antioquia,5.8708333,-74.6455556,2010,Cementos Argos,"Programa de reintegración y desarrollo comunitario de San Onofre, Puerto Triunfo y Puerto Nare.","Desarrollar e implementar un modelo de intervención incluyente que permita la recuperación económica y social del Magdalena Medio antioqueño y el norte del departamento de Sucre, bajo esquemas de desarrollo sostenible que responda a las prioridades del gobierno y las necesidades de la población vulnerable."
Montelíbano,Córdoba,7.75,-75.6666667,2010,CERRO MATOSO,MODELO DE INTERVENCIÓN INTEGRAL SOCIO PRODUCTIVO,"Contribuir al crecimiento de la economía local, la reducción de la pobreza, el mejoramiento de la equidad social promoviendo una comunidad responsable que lidere su Desarrollo social. En el caso de esta iniciativa postulada a Emprender Paz, desde 3 líneas de acción complementarias, busca promover el desarrollo integral en comunidades del Alto San Jorge (zona de influencia de la empresa, y en donde existen personas que han sido afectadas por el conflicto)."
Uré,Córdoba,8.9166667,-76,2010,CERRO MATOSO,MODELO DE INTERVENCIÓN INTEGRAL SOCIO PRODUCTIVO,"Contribuir al crecimiento de la economía local, la reducción de la pobreza, el mejoramiento de la equidad social promoviendo una comunidad responsable que lidere su Desarrollo social. En el caso de esta iniciativa postulada a Emprender Paz, desde 3 líneas de acción complementarias, busca promover el desarrollo integral en comunidades del Alto San Jorge (zona de influencia de la empresa, y en donde existen personas que han sido afectadas por el conflicto)."
Puerto Libertador ,Córdoba,4.6,-74.1166667,2010,CERRO MATOSO,MODELO DE INTERVENCIÓN INTEGRAL SOCIO PRODUCTIVO,"Contribuir al crecimiento de la economía local, la reducción de la pobreza, el mejoramiento de la equidad social promoviendo una comunidad responsable que lidere su Desarrollo social. En el caso de esta iniciativa postulada a Emprender Paz, desde 3 líneas de acción complementarias, busca promover el desarrollo integral en comunidades del Alto San Jorge (zona de influencia de la empresa, y en donde existen personas que han sido afectadas por el conflicto)."
 La Apartada,Córdoba,8.3333333,-75.5833333,2010,CERRO MATOSO,MODELO DE INTERVENCIÓN INTEGRAL SOCIO PRODUCTIVO,"Contribuir al crecimiento de la economía local, la reducción de la pobreza, el mejoramiento de la equidad social promoviendo una comunidad responsable que lidere su Desarrollo social. En el caso de esta iniciativa postulada a Emprender Paz, desde 3 líneas de acción complementarias, busca promover el desarrollo integral en comunidades del Alto San Jorge (zona de influencia de la empresa, y en donde existen personas que han sido afectadas por el conflicto)."
Unguía,Chocó,8.0430556,-77.0961111,2010,Grupo Nutresa (antes: Grupo Nacional de Chocolates),Programa de fortalecimiento de la cadena productiva del ajonjolí en la región de los Montes de María y de base social de los 56 integrantes de la organización asociación de productores agropecuarios de cacao del Darién,Mejorar el nivel de calidad de vida de las comunidades cultivadoras de ajonjolí y cacao a través del fortalecimiento de los encadenamientos productivos y las condiciones sociales.
Municipios de Bolívar,Bolivar,9.75,-75.1666667,2010,Grupo Nutresa (antes: Grupo Nacional de Chocolates),Programa de fortalecimiento de la cadena productiva del ajonjolí en la región de los Montes de María y de base social de los 56 integrantes de la organización asociación de productores agropecuarios de cacao del Darién,Mejorar el nivel de calidad de vida de las comunidades cultivadoras de ajonjolí y cacao a través del fortalecimiento de los encadenamientos productivos y las condiciones sociales.
Municipios de Sucre,Sucre,9,-75,2010,Grupo Nutresa (antes: Grupo Nacional de Chocolates),Programa de fortalecimiento de la cadena productiva del ajonjolí en la región de los Montes de María y de base social de los 56 integrantes de la organización asociación de productores agropecuarios de cacao del Darién,Mejorar el nivel de calidad de vida de las comunidades cultivadoras de ajonjolí y cacao a través del fortalecimiento de los encadenamientos productivos y las condiciones sociales.
Barrancabermeja,Santader,7.0652778,-73.8547222,2010,TIPIEL S.A.,PROYECTO COOPERATIVA DE TRABAJO ASOCIADO ALFAREROS DE BARRANCABERMEJA - COOTRASALBA,"Mejorar la calidad de vida de los alfareros de las comunas 5 y 6 de los barrios nororientales delmunicipio de Barrancabermeja, así como la generación de alternativas de sustento productivo desde la legalidad. Por otro lado, la iniciativa busca disminuir los impactos negativos que generan las malas prácticas de producción de ladrillo en el medio ambiente."
Municipios de Nariño,Nariño,1.5613889,-77.1180556,2009,ARTESANIAS DE COLOMBIA,Programa de Atención a Población Desplazada Proyecto “Mejoramiento de la competitividad del sector artesano de la población desplazada y vulnerable del País”.,"Promover alternativas de generación de ingresos y ocupación productiva para mejorar las condiciones de vida de la población desplazada y vulnerable y del País, pertenecientes a grupos indígenas, población afrocolombiana, población ROM y mestiza"
Municipios del Valle del Cauca,Valle del Cauca,3.4130556,-76.3511111,2009,ARTESANIAS DE COLOMBIA,Programa de Atención a Población Desplazada Proyecto “Mejoramiento de la competitividad del sector artesano de la población desplazada y vulnerable del País”.,"Promover alternativas de generación de ingresos y ocupación productiva para mejorar las condiciones de vida de la población desplazada y vulnerable y del País, pertenecientes a grupos indígenas, población afrocolombiana, población ROM y mestiza"
Municipios de Putumayo,Putumayo,-0.2,-74.7666667,2009,ARTESANIAS DE COLOMBIA,Programa de Atención a Población Desplazada Proyecto “Mejoramiento de la competitividad del sector artesano de la población desplazada y vulnerable del País”.,"Promover alternativas de generación de ingresos y ocupación productiva para mejorar las condiciones de vida de la población desplazada y vulnerable y del País, pertenecientes a grupos indígenas, población afrocolombiana, población ROM y mestiza"
Urabá Antioqueño,Antioquia,6.6666667,-76.3333333,2009,Asociación de Bananeros de Colombia – AUGURA,Alianza para el desarrollo socioeconómico de las comunidades bananeras de Urabá y Magdalena”,"El programa se desarrolla bajo dos líneas principales, Reducción de pobreza y Protección al Medio Ambiente. El objetivo principal del programa es prevenir la agudización de la problemática social de las zonas bananeras que se vería seriamente afectada por la disminución de la actividad bananera tradicional de micro y pequeños productores quienes no cumplen con las condiciones de calidad, certificación ambiental y social para la producción de fruta, sin lo cual su permanencia en la cadena de exportación de plátano y banano es inviable, viéndose expuestos a rechazos, perdidas de producción y a buscar otras fuentes de ingresos."
Urabá Chocoano ,Chocó,8.3333333,-77.1666667,2009,Asociación de Bananeros de Colombia – AUGURA,Alianza para el desarrollo socioeconómico de las comunidades bananeras de Urabá y Magdalena”,"El programa se desarrolla bajo dos líneas principales, Reducción de pobreza y Protección al Medio Ambiente. El objetivo principal del programa es prevenir la agudización de la problemática social de las zonas bananeras que se vería seriamente afectada por la disminución de la actividad bananera tradicional de micro y pequeños productores quienes no cumplen con las condiciones de calidad, certificación ambiental y social para la producción de fruta, sin lo cual su permanencia en la cadena de exportación de plátano y banano es inviable, viéndose expuestos a rechazos, perdidas de producción y a buscar otras fuentes de ingresos."
Municipios del Magdalena,Magdalena,10.8333333,-74.0833333,2009,Asociación de Bananeros de Colombia – AUGURA,Alianza para el desarrollo socioeconómico de las comunidades bananeras de Urabá y Magdalena”,"El programa se desarrolla bajo dos líneas principales, Reducción de pobreza y Protección al Medio Ambiente. El objetivo principal del programa es prevenir la agudización de la problemática social de las zonas bananeras que se vería seriamente afectada por la disminución de la actividad bananera tradicional de micro y pequeños productores quienes no cumplen con las condiciones de calidad, certificación ambiental y social para la producción de fruta, sin lo cual su permanencia en la cadena de exportación de plátano y banano es inviable, viéndose expuestos a rechazos, perdidas de producción y a buscar otras fuentes de ingresos."
Isnos,Huila,2.0833333,-76.25,2009,Coffee Company del Huila,VIVAMOS MEJOR PARA COSECHAR CALIDAD”,"Promover el desarrollo social y económico sostenible de los pequeños caficultores en el sur del Huila a partir de la formación y Empoderamiento ciudadano, el fortalecimiento de las organizaciones sociales y el mejoramiento de la producción del café como cultivo principal, mediante el acompañamiento social y técnico, la inversión y la coordinación institucional."
Acevedo,Huila,1.75,-75.9166667,2009,Coffee Company del Huila,VIVAMOS MEJOR PARA COSECHAR CALIDAD”,"Promover el desarrollo social y económico sostenible de los pequeños caficultores en el sur del Huila a partir de la formación y Empoderamiento ciudadano, el fortalecimiento de las organizaciones sociales y el mejoramiento de la producción del café como cultivo principal, mediante el acompañamiento social y técnico, la inversión y la coordinación institucional."
Palestina,Huila,1.75,-76.0666667,2009,Coffee Company del Huila,VIVAMOS MEJOR PARA COSECHAR CALIDAD”,"Promover el desarrollo social y económico sostenible de los pequeños caficultores en el sur del Huila a partir de la formación y Empoderamiento ciudadano, el fortalecimiento de las organizaciones sociales y el mejoramiento de la producción del café como cultivo principal, mediante el acompañamiento social y técnico, la inversión y la coordinación institucional."
Pitalito,Huila,1.75,-76.1666667,2009,Coffee Company del Huila,VIVAMOS MEJOR PARA COSECHAR CALIDAD”,"Promover el desarrollo social y económico sostenible de los pequeños caficultores en el sur del Huila a partir de la formación y Empoderamiento ciudadano, el fortalecimiento de las organizaciones sociales y el mejoramiento de la producción del café como cultivo principal, mediante el acompañamiento social y técnico, la inversión y la coordinación institucional."
 San Agustín,Huila,1.9166667,-76.3333333,2009,Coffee Company del Huila,VIVAMOS MEJOR PARA COSECHAR CALIDAD”,"Promover el desarrollo social y económico sostenible de los pequeños caficultores en el sur del Huila a partir de la formación y Empoderamiento ciudadano, el fortalecimiento de las organizaciones sociales y el mejoramiento de la producción del café como cultivo principal, mediante el acompañamiento social y técnico, la inversión y la coordinación institucional."
Guachene,Cauca,3.1333333,-76.3833333,2009,PAVCO DE OCCIDENTE,Inclusión para la paz,"Propiciar una dinámica de desarrollo incluyente, mediante la generación de empleo para la población del Norte del Cauca (zona de influencia de la planta de PAVCO en Guachené) con el fin de contrarrestar los factores económicos y sociales que alimentan el conflicto."
Calotó,Cauca,3.0833333,-76.3333333,2009,PAVCO DE OCCIDENTE,Inclusión para la paz,"Propiciar una dinámica de desarrollo incluyente, mediante la generación de empleo para la población del Norte del Cauca (zona de influencia de la planta de PAVCO en Guachené) con el fin de contrarrestar los factores económicos y sociales que alimentan el conflicto."
Bogotá D.C,Cundinamarca,4.6,-74.0833333,2008,General Motors Colmotores,Puntadas por la paz,"Promover oportunidades para una reintegración exitosa a nivel social y económico de 90 excombatientes durante los años 2007 al 2009, mediante un proyecto productivo, sostenible y competitivo que incluya el acompañamiento psicosocial y el desarrollo de competencias laborales, estándares de calidad, normas de producción y oportunidades de negocio en el campo de la confección industrial."
Jambaló,Cauca,2.85,-76.3166667,2008,Granero Yat Wala,Voces de nuestra tierra,"Visibilizar y fortalecer el proceso de resistencia indígena frente al conflicto entre el gobierno colombiano y las fuerzas armadas ilegales, para la consolidación de la autonomía indígena en el territorio del resguardo y municipio de Jambaló, contribuyendo así a la disminución del desplazamiento forzado."
Sotará,Cauca,2.5833333,-76.3333333,2008,Smurfit Kappa Cartón de Colombia,Asociación de Productores de Leche de Sotará - Asproleso,"Contribuir al mejoramiento del proceso productivo de generación de ingresos en las comunidades rurales a través de la transferencia de tecnología y adopción de prácticas que mejoren generen valor agregado y favorezcan la comercialización de los productos agropecuarios, en este caso la leche."
Bogotá D.C,Cundinamarca,4.6,-74.0833333,2008,UBIQUANDO,"Tecnología de software, una alternativa de desarrollo para jóvenes de población vulnerable",Garantizar a los jóvenes participantes la capacitación en sistemas como complemento a su formación académica básica.
Soacha,Cundinamarca,4.5872222,-74.2213889,2008,UBIQUANDO,"Tecnología de software, una alternativa de desarrollo para jóvenes de población vulnerable",Garantizar a los jóvenes participantes la capacitación en sistemas como complemento a su formación académica básica.