"mupio","depto","accionesMilitares","IDH_1_1"
"MEDELLIN","ANTIOQUIA",100,0.749265
"ABEJORRAL","ANTIOQUIA",61,0.606037
"ABRIAQUI","ANTIOQUIA",16,0.636804
"ALEJANDRIA","ANTIOQUIA",12,0.62551
"AMAGA","ANTIOQUIA",1,0.621113
"AMALFI","ANTIOQUIA",44,0.601612
"ANDES","ANTIOQUIA",15,0.61083
"ANGELOPOLIS","ANTIOQUIA",0,0.607203
"ANGOSTURA","ANTIOQUIA",21,0.582669
"ANORI","ANTIOQUIA",113,0.666687
"SANTA_FE_DE_ANTIOQUIA","ANTIOQUIA",19,0.599325
"ANZA","ANTIOQUIA",3,0.62364
"APARTADO","ANTIOQUIA",76,0.587964
"ARBOLETES","ANTIOQUIA",0,0.586456
"ARGELIA","ANTIOQUIA",57,0.588541
"ARMENIA","ANTIOQUIA",0,1
"BARBOSA","ANTIOQUIA",24,0.650218
"BELMIRA","ANTIOQUIA",0,0.613038
"BELLO","ANTIOQUIA",8,0.675083
"BETANIA","ANTIOQUIA",0,0.601791
"BETULIA","ANTIOQUIA",16,0.61895
"CIUDAD_BOLIVAR","ANTIOQUIA",5,0.638392
"BRICENO","ANTIOQUIA",24,0.586269
"BURITICA","ANTIOQUIA",0,0.553454
"CACERES","ANTIOQUIA",31,0.555628
"CAICEDO","ANTIOQUIA",24,0.567182
"CALDAS","ANTIOQUIA",20,0.63575
"CAMPAMENTO","ANTIOQUIA",43,0.578161
"CANASGORDAS","ANTIOQUIA",11,0.591777
"CARACOLI","ANTIOQUIA",8,0.633139
"CARAMANTA","ANTIOQUIA",3,0.624436
"CAREPA","ANTIOQUIA",23,0.620303
"EL_CARMEN_DE_VIBORAL","ANTIOQUIA",28,0.643177
"CAROLINA","ANTIOQUIA",0,0.657769
"CAUCASIA","ANTIOQUIA",4,0.60599
"CHIGORODO","ANTIOQUIA",17,0.600994
"CISNEROS","ANTIOQUIA",2,0.63701
"COCORNA","ANTIOQUIA",135,0.593055
"CONCEPCION","ANTIOQUIA",22,0.613112
"CONCORDIA","ANTIOQUIA",0,0.568425
"COPACABANA","ANTIOQUIA",8,0.683403
"DABEIBA","ANTIOQUIA",111,0.530068
"DONMATIAS","ANTIOQUIA",0,0.65271
"EBEJICO","ANTIOQUIA",0,0.599463
"EL_BAGRE","ANTIOQUIA",109,0.58444
"ENTRERRIOS","ANTIOQUIA",0,0.671681
"ENVIGADO","ANTIOQUIA",0,0.772542
"FREDONIA","ANTIOQUIA",1,0.643626
"FRONTINO","ANTIOQUIA",36,0.584607
"GIRALDO","ANTIOQUIA",0,0.607054
"GIRARDOTA","ANTIOQUIA",0,0.729431
"GOMEZ_PLATA","ANTIOQUIA",4,0.624521
"GRANADA","ANTIOQUIA",120,0.638388
"GUADALUPE","ANTIOQUIA",4,0.613361
"GUARNE","ANTIOQUIA",8,0.654421
"GUATAPE","ANTIOQUIA",12,0.663311
"HELICONIA","ANTIOQUIA",0,0.605429
"HISPANIA","ANTIOQUIA",0,0.60864
"ITAGUI","ANTIOQUIA",4,0.743121
"ITUANGO","ANTIOQUIA",152,0.56343
"JARDIN","ANTIOQUIA",4,0.623625
"JERICO","ANTIOQUIA",2,0.613489
"LA_CEJA","ANTIOQUIA",2,0.672587
"LA_ESTRELLA","ANTIOQUIA",3,0.708048
"LA_PINTADA","ANTIOQUIA",0,0.661923
"LA_UNION","ANTIOQUIA",39,0.616141
"LIBORINA","ANTIOQUIA",0,0.605709
"MACEO","ANTIOQUIA",0,0.622261
"MARINILLA","ANTIOQUIA",1,0.648813
"MONTEBELLO","ANTIOQUIA",14,0.658897
"MURINDO","ANTIOQUIA",7,0.507563
"MUTATA","ANTIOQUIA",45,0.559938
"NARINO","ANTIOQUIA",55,0.608869
"NECOCLO","ANTIOQUIA",0,0.576039
"NECHI","ANTIOQUIA",47,0.567215
"OLAYA","ANTIOQUIA",0,0.623848
"PENOL","ANTIOQUIA",12,0.638999
"PEQUE","ANTIOQUIA",10,0.551979
"PUEBLORRICO","ANTIOQUIA",0,0.607464
"PUERTO_BERRIO","ANTIOQUIA",5,0.621155
"PUERTO_NARE","ANTIOQUIA",0,0.658997
"PUERTO_TRIUNFO","ANTIOQUIA",1,0.605546
"REMEDIOS","ANTIOQUIA",92,0.585227
"RETIRO","ANTIOQUIA",3,0.709067
"RIONEGRO","ANTIOQUIA",3,0.677653
"SABANALARGA","ANTIOQUIA",1,0.615623
"SABANETA","ANTIOQUIA",1,0.813818
"SALGAR","ANTIOQUIA",7,0.581908
"SAN_ANDRES_DE_CUERQUIA","ANTIOQUIA",15,0.626537
"SAN_CARLOS","ANTIOQUIA",88,0.618989
"SAN_FRANCISCO","ANTIOQUIA",133,0.597903
"SAN_JERONIMO","ANTIOQUIA",2,0.653302
"SAN_JOSE_DE_LA_MONTANA","ANTIOQUIA",0,0.629691
"SAN_0JUAN_DE_URABA","ANTIOQUIA",2,0.573686
"SAN_LUIS","ANTIOQUIA",133,0.600337
"SAN_PEDRO_DE_URABA","ANTIOQUIA",0,0.591764
"SAN_PEDRO_DE_LOS_MILAGROS","ANTIOQUIA",0,0.638392
"SAN_RAFAEL","ANTIOQUIA",48,0.630867
"SAN_ROQUE","ANTIOQUIA",7,0.610709
"SAN_VICENTE_FERRER","ANTIOQUIA",9,0.612873
"SANTA_BARBARA","ANTIOQUIA",14,0.59621
"SANTA_ROSA_DE_OSOS","ANTIOQUIA",10,0.649543
"SANTO_DOMINGO","ANTIOQUIA",14,0.62588
"EL_SANTUARIO","ANTIOQUIA",14,0.658532
"SEGOVIA","ANTIOQUIA",56,0.594291
"YONDO","ANTIOQUIA",111,0.595966
"SONSON","ANTIOQUIA",111,0.612419
"SOPETRAN","ANTIOQUIA",0,0.623964
"TAMESIS","ANTIOQUIA",3,0.627347
"TARAZA","ANTIOQUIA",66,0.568443
"TARSO","ANTIOQUIA",0,0.620593
"TITIRIBI","ANTIOQUIA",0,0.605417
"TOLEDO","ANTIOQUIA",13,1
"TURBO","ANTIOQUIA",35,0.611732
"URAMITA","ANTIOQUIA",10,0.550394
"URRAO","ANTIOQUIA",137,0.585259
"VALDIVIA","ANTIOQUIA",126,0.538781
"VALPARAISO","ANTIOQUIA",0,0.620671
"VEGACHI","ANTIOQUIA",25,0.583908
"VENECIA","ANTIOQUIA",0,0.62107
"VIGIA_DEL_FUERTE","ANTIOQUIA",11,0.575107
"YALI","ANTIOQUIA",6,0.596516
"YARUMAL","ANTIOQUIA",73,0.639336
"YOLOMBO","ANTIOQUIA",6,0.605928
"ZARAGOZA","ANTIOQUIA",35,0.565312
"BARRANQUILLA","ATLANTICO",2,1
"BARANOA","ATLANTICO",0,0.613928
"JUAN_DE_ACOSTA","ATLANTICO",0,0.625973
"CAMPO_DE_LA_CRUZ","ATLANTICO",0,0.586021
"CANDELARIA","ATLANTICO",0,0.617363
"GALAPA","ATLANTICO",0,0.617018
"LURUACO","ATLANTICO",2,0.584704
"MALAMBO","ATLANTICO",3,0.624875
"MANATI","ATLANTICO",0,0.597526
"PALMAR_DE_VARELA","ATLANTICO",1,0.600276
"PIOJO","ATLANTICO",0,0.603772
"POLONUEVO","ATLANTICO",1,0.607614
"PONEDERA","ATLANTICO",0,0.572362
"PUERTO_COLOMBIA","GUAINIA",0,0.617005
"PUERTO_COLOMBIA","ATLANTICO",0,0.703568
"REPELON","ATLANTICO",0,0.595466
"SABANAGRANDE","ATLANTICO",0,0.615114
"SABANALARGA","ATLANTICO",2,0.615623
"SANTA_LUCIA","ATLANTICO",2,0.580697
"SANTO_TOMAS","ATLANTICO",0,0.611218
"SOLEDAD","ATLANTICO",2,0.629573
"SUAN","ATLANTICO",0,0.594245
"TUBARA","ATLANTICO",1,0.629945
"USIACURI","ATLANTICO",0,0.606843
"BOGOTA_DC","BOGOTA_DC",29,0.806221
"CARTAGENA_DE_INDIAS","BOLIVAR",8,0.727467
"ACHI","BOLIVAR",8,0.574424
"ALTOS_DEL_ROSARIO","BOLIVAR",2,0.560015
"ARENAL","BOLIVAR",12,0.582646
"ARJONA","BOLIVAR",2,0.587714
"ARROYOHONDO","BOLIVAR",0,0.580043
"BARRANCO_DE_LOBA","BOLIVAR",1,0.565212
"CALAMAR","BOLIVAR",1,0.58894
"CANTAGALLO","BOLIVAR",72,0.597977
"TIQUISIO","BOLIVAR",0,0.534826
"CICUCO","BOLIVAR",0,0.559217
"CORDOBA","BOLIVAR",4,0.588856
"CLEMENCIA","BOLIVAR",5,0.578432
"EL_CARMEN_DE_BOLIVAR","BOLIVAR",113,0.559392
"EL_GUAMO","BOLIVAR",5,0.555678
"EL_PENON","BOLIVAR",0,0.567257
"HATILLO_DE_LOBA","BOLIVAR",0,0.552232
"MAGANGUE","BOLIVAR",0,0.594407
"MAHATES","BOLIVAR",7,0.585714
"MARGARITA","BOLIVAR",0,0.546162
"MARIA_LA_BAJA","BOLIVAR",4,0.573982
"MONTECRISTO","BOLIVAR",47,0.562011
"MOMPOS","BOLIVAR",1,0.589836
"MORALES","BOLIVAR",32,0.582004
"NOROSI","BOLIVAR",2,0.581752
"PINILLOS","BOLIVAR",7,0.560579
"REGIDOR","BOLIVAR",0,0.594587
"RIO_VIEJO","BOLIVAR",9,0.563329
"SAN_CRISTOBAL","BOLIVAR",0,0.602174
"SAN_ESTANISLAO","BOLIVAR",2,0.592039
"SAN_FERNANDO","BOLIVAR",0,0.564299
"SAN_JACINTO","BOLIVAR",26,0.590866
"SAN_JACINTO_DEL_CAUCA","BOLIVAR",6,0.546975
"SAN_JUAN_NEPOMUCENO","BOLIVAR",23,0.576365
"SAN_MARTIN_DE_LOBA","BOLIVAR",0,0.573926
"SAN_PABLO","BOLIVAR",87,0.580285
"SANTA_CATALINA","BOLIVAR",3,0.600234
"SANTA_ROSA","BOLIVAR",30,0.592091
"SANTA_ROSA_DE_SUR","BOLIVAR",9,0.597662
"SIMITI","BOLIVAR",21,0.583075
"SOPLAVIENTO","BOLIVAR",0,0.606517
"TALAIGUA_NUEVO","BOLIVAR",0,0.582892
"TURBACO","BOLIVAR",6,0.625227
"TURBANA","BOLIVAR",0,0.605966
"VILLANUEVA","BOLIVAR",6,0.600721
"ZAMBRANO","BOLIVAR",9,0.575958
"TUNJA","BOYACA",3,0.717696
"ALMEIDA","BOYACA",0,0.624592
"AQUITANIA","BOYACA",17,0.596724
"ARCABUCO","BOYACA",0,0.622428
"BELEN","BOYACA",2,0.624029
"BERBEO","BOYACA",0,0.614232
"BETEITIVA","BOYACA",0,0.603924
"BOAVITA","BOYACA",1,0.603309
"BOYACA","BOYACA",0,0.584584
"BRICENO","BOYACA",0,0.586269
"BUENAVISTA","BOYACA",1,0.606004
"BUSBANZA","BOYACA",0,0.611951
"CALDAS","BOYACA",0,0.63575
"CAMPOHERMOSO","BOYACA",5,0.611934
"CERINZA","BOYACA",0,0.622498
"CHINAVITA","BOYACA",4,0.610167
"CHIQUINQUIRA","BOYACA",0,0.645627
"CHISCAS","BOYACA",6,0.608123
"CHITA","BOYACA",25,0.563448
"CHITARAQUE","BOYACA",0,0.592782
"CHIVATA","BOYACA",0,0.611415
"CIENEGA","BOYACA",0,0.59707
"COMBITA","BOYACA",0,0.617939
"COPER","BOYACA",0,0.579317
"CORRALES","BOYACA",0,0.635124
"COVARACHIA","BOYACA",0,0.568059
"CUBARA","BOYACA",17,0.527483
"CUCAITA","BOYACA",0,0.609076
"CUITIVA","BOYACA",0,0.598422
"CHIQUIZA","BOYACA",0,0.592649
"CHIVOR","BOYACA",0,0.613861
"DUITAMA","BOYACA",2,0.670687
"EL_COCUY","BOYACA",3,0.616844
"EL_ESPINO","BOYACA",3,0.615291
"FIRAVITOBA","BOYACA",0,0.631108
"FLORESTA","BOYACA",0,0.601449
"GACHANTIVA","BOYACA",0,0.59445
"GAMEZA","BOYACA",2,0.609321
"GARAGOA","BOYACA",0,0.635221
"GUACAMAYAS","BOYACA",0,0.587294
"GUATEQUE","BOYACA",1,0.631955
"GUAYATA","BOYACA",4,0.602424
"GUICAN","BOYACA",5,0.52244
"IZA","BOYACA",0,0.630878
"JENESANO","BOYACA",0,0.595221
"JERICO","BOYACA",2,0.613489
"LABRANZAGRANDE","BOYACA",49,0.546467
"LA_CAPILLA","BOYACA",0,0.601406
"LA_VICTORIA","BOYACA",0,0.412454
"LA_UVITA","BOYACA",2,0.628118
"VILLA_DE_LEYVA","BOYACA",0,0.683296
"MACANAL","BOYACA",0,0.619894
"MARIPI","BOYACA",0,0.573168
"MIRAFLORES","BOYACA",0,0.607505
"MONGUA","BOYACA",11,0.592536
"MONGUI","BOYACA",0,0.621628
"MONIQUIRA","BOYACA",0,0.609802
"MOTAVITA","BOYACA",0,0.622777
"MUZO","BOYACA",0,0.593283
"NOBSA","BOYACA",0,0.876442
"NUEVO_COLON","BOYACA",0,0.619047
"OICATA","BOYACA",0,0.645738
"OTANCHE","BOYACA",2,0.595117
"PACHAVITA","BOYACA",0,0.58199
"PAEZ","BOYACA",0,0.584125
"PAIPA","BOYACA",0,0.683923
"PAJARITO","BOYACA",43,0.612569
"PANQUEBA","BOYACA",0,0.578925
"PAUNA","BOYACA",3,0.572638
"PAYA","BOYACA",0,0.555864
"PAZ_DE_RIO","BOYACA",1,0.640226
"PESCA","BOYACA",0,0.598195
"PISBA","BOYACA",3,0.52787
"PUERTO_BOYACA","BOYACA",1,0.606068
"QUIPAMA","BOYACA",0,0.585363
"RAMIRIQUI","BOYACA",1,0.611686
"RAQUIRA","BOYACA",14,0.585155
"RONDON","BOYACA",0,0.590811
"SABOYA","BOYACA",0,0.607002
"SACHICA","BOYACA",0,0.607925
"SAMACA","BOYACA",3,0.61644
"SAN_EDUARDO","BOYACA",1,0.606399
"SAN_JOSE_DE_PARE","BOYACA",0,0.593753
"SAN_LUIS_DE_GACENO","BOYACA",0,0.608216
"SAN_MATEO","BOYACA",1,0.587887
"SAN_MIGUEL_DE_SEMA","BOYACA",1,0.722365
"SAN_PABLO_DE_BORBUR","BOYACA",0,0.578977
"SANTANA","BOYACA",0,0.577372
"SANTA_MARIA","BOYACA",0,0.620363
"SANTA_ROSA_DE_VITERBO","BOYACA",0,0.63664
"SANTA_SOFIA","BOYACA",0,0.59597
"SATIVANORTE","BOYACA",1,0.597229
"SATIVASUR","BOYACA",0,0.627531
"SIACHOQUE","BOYACA",0,0.605779
"SOATA","BOYACA",1,0.611465
"SOCOTA","BOYACA",19,0.574572
"SOCHA","BOYACA",2,0.61492
"SOGAMOSO","BOYACA",7,0.677326
"SOMONDOCO","BOYACA",0,0.623099
"SORA","BOYACA",0,0.610149
"SOTAQUIRA","BOYACA",1,0.616216
"SORACA","BOYACA",1,0.608737
"SUSACON","BOYACA",1,0.594617
"SUTAMARCHAN","BOYACA",0,0.594888
"SUTATENZA","BOYACA",0,0.60928
"TASCO","BOYACA",6,0.609336
"TENZA","BOYACA",0,0.612264
"TIBANA","BOYACA",1,0.593195
"TIBASOSA","BOYACA",0,0.70416
"TINJACA","BOYACA",0,0.611543
"TIPACOQUE","BOYACA",0,0.593646
"TOCA","BOYACA",0,0.622546
"TOGUI","BOYACA",0,0.592596
"TOPAGA","BOYACA",1,0.623302
"TOTA","BOYACA",0,0.58661
"TUNUNGUA","BOYACA",0,0.591996
"TURMEQUE","BOYACA",0,0.610605
"TUTA","BOYACA",0,0.774714
"TUTAZA","BOYACA",8,0.599872
"UMBITA","BOYACA",3,0.60976
"VENTAQUEMADA","BOYACA",0,0.614885
"VIRACACHA","BOYACA",0,0.607398
"ZETAQUIRA","BOYACA",4,0.613298
"MANIZALES","CALDAS",3,0.698654
"AGUADAS","CALDAS",29,0.608679
"ANSERMA","CALDAS",14,0.622863
"ARANZAZU","CALDAS",0,0.617135
"BELALCAZAR","CALDAS",0,0.592689
"CHINCHINA","CALDAS",0,0.643067
"FILADELFIA","CALDAS",0,0.60399
"LA_DORADA","CALDAS",0,0.620827
"LA_MERCED","CALDAS",0,0.610762
"MANZANARES","CALDAS",14,0.60575
"MARMATO","CALDAS",0,0.614072
"MARQUETALIA","CALDAS",5,0.604709
"MARULANDA","CALDAS",12,0.636593
"NEIRA","CALDAS",3,0.60637
"NORCASIA","CALDAS",4,0.622317
"PACOA","VAUPES",4,0.617005
"PACORA","CALDAS",4,0.615663
"PALESTINA","CALDAS",0,0.61293
"PENSILVANIA","CALDAS",43,0.605954
"RIOSUCIO","CALDAS",35,0.618127
"RISARALDA","CALDAS",1,0.608848
"SALAMINA","CALDAS",21,0.591633
"SAMANA","CALDAS",129,0.587848
"SAN_JOSE","CALDAS",0,0.592329
"SUPIA","CALDAS",6,0.619998
"VICTORIA","CALDAS",0,0.61205
"VILLAMARIA","CALDAS",0,0.63233
"VITERBO","CALDAS",0,0.632446
"FLORENCIA","CAQUETA",149,0.610281
"ALBANIA","CAQUETA",8,0.614824
"BELEN_DE_LOS_ANDAQUIES","CAQUETA",15,0.589178
"CARTAGENA_DEL_CHAIRA","CAQUETA",174,0.574765
"CURILLO","CAQUETA",38,0.596553
"EL_DONCELLO","CAQUETA",56,0.601955
"EL_PAUJIL","CAQUETA",77,0.594253
"LA_MONTANITA","CAQUETA",334,0.565592
"MILAN","CAQUETA",44,0.596864
"MORELIA","CAQUETA",12,0.60632
"PUERTO_RICO","CAQUETA",132,0.599375
"SAN_JOSE_DEL_FRAGUA","CAQUETA",42,0.591526
"SAN_VICENTE_DEL_CAGUAN","CAQUETA",290,0.588994
"SOLANO","CAQUETA",0,0.59708
"SOLITA","CAQUETA",34,0.579062
"VALPARAISO","CAQUETA",28,0.620671
"POPAYAN","CAUCA",20,0.657698
"ALMAGUER","CAUCA",7,0.539358
"ARGELIA","CAUCA",56,0.588541
"BALBOA","CAUCA",18,0.612115
"BOLIVAR","CAUCA",31,0.782062
"BUENOS_AIRES","CAUCA",16,0.593971
"CAJIBIO","CAUCA",28,0.571642
"CALDONO","CAUCA",76,0.575593
"CALOTO","CAUCA",114,0.732842
"CORINTO","CAUCA",159,0.597949
"EL_TAMBO","CAUCA",99,0.584398
"FLORENCIA","CAUCA",2,0.610281
"GUACHENE","CAUCA",0,0.588915
"GUAPI","CAUCA",5,0.574056
"PURACE","CAUCA",5,0.599238
"INZA","CAUCA",14,0.586928
"JAMBALO","CAUCA",67,0.547524
"LA_SIERRA","CAUCA",16,0.59633
"LA_VEGA","CAUCA",5,0.625948
"LOPEZ_DE_MICAY","CAUCA",14,0.572996
"MERCADERES","CAUCA",11,0.573523
"MIRANDA","CAUCA",63,0.655431
"MORALES","CAUCA",22,0.582004
"PATIA","CAUCA",0,0.608383
"PADILLA","CAUCA",0,0.657197
"PIAMONTE","CAUCA",33,0.630883
"PIENDAMO","CAUCA",7,0.605769
"PUERTO_TEJADA","CAUCA",2,0.653721
"ROSAS","CAUCA",4,0.592166
"SAN_SEBASTIAN","CAUCA",4,0.582849
"SANTANDER_DE_QUILICHAO","CAUCA",44,0.638384
"SANTA_ROSA","CAUCA",31,0.592091
"SILVIA","CAUCA",24,0.596569
"SUAREZ","CAUCA",27,0.603153
"PAEZ","CAUCA",27,0.584125
"SUCRE","CAUCA",5,0.572298
"TIMBIO","CAUCA",10,0.608211
"TIMBIQUI","CAUCA",9,0.534653
"TORIBIO","CAUCA",131,0.570967
"SOTARA","CAUCA",13,0.599287
"TOTORO","CAUCA",13,0.586516
"VILLA_RICA","CAUCA",2,0.709025
"VALLEDUPAR","CESAR",102,0.62329
"AGUACHICA","CESAR",46,0.592688
"AGUSTIN_CODAZZI","CESAR",86,0.583171
"ASTREA","CESAR",2,0.58271
"BECERRIL","CESAR",35,0.586346
"BOSCONIA","CESAR",5,0.582366
"CHIMICHAGUA","CESAR",0,0.579112
"CHIRIGUANA","CESAR",6,0.60354
"CURUMANI","CESAR",38,0.581412
"EL_COPEY","CESAR",22,0.57746
"EL_PASO","CESAR",1,0.65965
"GAMARRA","CESAR",0,0.597175
"GONZALEZ","CESAR",5,0.552176
"LA_GLORIA","CESAR",3,0.577427
"LA_JAGUA_DE_IBIRICO","CESAR",26,0.621821
"MANAURE_BALCON_DEL_CESAR","CESAR",26,0.530061
"PAILITAS","CESAR",5,0.568602
"PELAYA","CESAR",14,0.575851
"PUEBLO_BELLO","CESAR",34,0.525866
"RIO_DE_ORO","CESAR",6,0.57471
"LA_PAZ","CESAR",42,0.574937
"SAN_ALBERTO","CESAR",0,0.605926
"SAN_DIEGO","CESAR",48,0.59624
"SAN_MARTIN","CESAR",1,0.60934
"TAMALAMEQUE","CESAR",1,0.591306
"MONTERIA","CORDOBA",0,0.639509
"AYAPEL","CORDOBA",1,0.576135
"LA_APARTADA","CORDOBA",1,0.575548
"BUENAVISTA","CORDOBA",2,0.606004
"CANALETE","CORDOBA",0,0.567042
"CERETE","CORDOBA",0,0.615267
"CHIMA","CORDOBA",0,0.595507
"CHINU","CORDOBA",0,0.595629
"CIENAGA_DE_ORO","CORDOBA",0,0.571766
"COTORRA","CORDOBA",1,0.593098
"LORICA","CORDOBA",0,0.597885
"LOS_CORDOBAS","CORDOBA",0,0.584229
"MOMIL","CORDOBA",0,0.586592
"MONTELIBANO","CORDOBA",5,0.607014
"MONITOS","CORDOBA",34,0.568031
"PLANETA_RICA","CORDOBA",2,0.593159
"PUEBLO_NUEVO","CORDOBA",0,0.587497
"PUERTO_ESCONDIDO","CORDOBA",0,0.57664
"PUERTO_LIBERTADOR","CORDOBA",137,0.566093
"PURISIMA_DE_LA_CONCEPCION","CORDOBA",0,0.58338
"SAHAGUN","CORDOBA",1,0.592925
"SAN_ANDRES_DE_SOTAVENTO","CORDOBA",0,0.533164
"SAN_ANTERO","CORDOBA",0,0.599962
"SAN_BERNARDO_DEL_VIENTO","CORDOBA",0,0.582283
"SAN_CARLOS","CORDOBA",0,0.618989
"SAN_JOSE_DE_URE","CORDOBA",1,0.589786
"SAN_PELAYO","CORDOBA",0,0.594511
"TIERRALTA","CORDOBA",104,0.563363
"TUCHIN","CORDOBA",0,0.664855
"VALENCIA","CORDOBA",0,0.571
"AGUA_DE_DIOS","CUNDINAMARCA",0,0.645192
"ALBAN","CUNDINAMARCA",0,0.60849
"ANAPOIMA","CUNDINAMARCA",6,0.748118
"ANOLAIMA","CUNDINAMARCA",5,0.639949
"ARBELAEZ","CUNDINAMARCA",2,0.64724
"BELTRAN","CUNDINAMARCA",1,0.608914
"BITUIMA","CUNDINAMARCA",0,0.63078
"BOJACA","CUNDINAMARCA",1,0.653107
"CABRERA","CUNDINAMARCA",29,0.614198
"CACHIPAY","CUNDINAMARCA",0,0.631678
"CAJICA","CUNDINAMARCA",0,0.680864
"CAPARRAPI","CUNDINAMARCA",11,0.610221
"CAQUEZA","CUNDINAMARCA",1,0.631973
"CARMEN_DE_CARUPA","CUNDINAMARCA",3,0.600874
"CHAGUANI","CUNDINAMARCA",14,0.610052
"CHIA","CUNDINAMARCA",0,0.707539
"CHIPAQUE","CUNDINAMARCA",1,0.62913
"CHOACHI","CUNDINAMARCA",1,0.643209
"CHOCONTA","CUNDINAMARCA",0,0.641867
"COGUA","CUNDINAMARCA",1,0.75846
"COTA","CUNDINAMARCA",0,0.715109
"CUCUNUBA","CUNDINAMARCA",0,0.638587
"EL_COLEGIO","CUNDINAMARCA",2,0.654784
"EL_PENON","CUNDINAMARCA",11,0.567257
"EL_ROSAL","CUNDINAMARCA",0,0.636501
"FACATATIVA","CUNDINAMARCA",0,0.686029
"FOMEQUE","CUNDINAMARCA",9,0.728497
"FOSCA","CUNDINAMARCA",1,0.602404
"FUNZA","CUNDINAMARCA",0,0.717277
"FUQUENE","CUNDINAMARCA",0,0.668002
"FUSAGASUGA","CUNDINAMARCA",6,0.657238
"GACHALA","CUNDINAMARCA",28,0.634963
"GACHANCIPA","CUNDINAMARCA",0,0.639851
"GACHETA","CUNDINAMARCA",10,0.638552
"GAMA","CUNDINAMARCA",3,0.614148
"GIRARDOT","CUNDINAMARCA",0,0.691992
"GRANADA","CUNDINAMARCA",1,0.638388
"GUACHETA","CUNDINAMARCA",0,0.631625
"GUADUAS","CUNDINAMARCA",19,0.611643
"GUASCA","CUNDINAMARCA",2,0.660328
"GUATAQUI","CUNDINAMARCA",1,0.613125
"GUATAVITA","CUNDINAMARCA",1,0.655954
"GUAYABAL_DE_SIQUIMA","CUNDINAMARCA",15,0.6333
"GUAYABETAL","CUNDINAMARCA",13,0.624972
"GUTIERREZ","CUNDINAMARCA",11,0.628662
"JERUSALEN","CUNDINAMARCA",1,0.615133
"JUNIN","CUNDINAMARCA",11,0.61822
"LA_CALERA","CUNDINAMARCA",2,0.695997
"LA_MESA","CUNDINAMARCA",0,0.65257
"LA_PALMA","CUNDINAMARCA",26,0.584185
"LA_PENA","CUNDINAMARCA",18,0.588074
"LA_VEGA","CUNDINAMARCA",0,0.625948
"LENGUAZAQUE","CUNDINAMARCA",0,0.629566
"MACHETA","CUNDINAMARCA",15,0.608636
"MADRID","CUNDINAMARCA",0,0.691685
"MANTA","CUNDINAMARCA",3,0.630152
"MEDINA","CUNDINAMARCA",30,0.621751
"MOSQUERA","CUNDINAMARCA",0,0.648572
"NARINO","CUNDINAMARCA",2,0.608869
"NEMOCON","CUNDINAMARCA",0,0.650561
"NILO","CUNDINAMARCA",0,0.693941
"NIMAIMA","CUNDINAMARCA",5,0.60342
"NOCAIMA","CUNDINAMARCA",6,0.623405
"PACHO","CUNDINAMARCA",1,0.628403
"PAIME","CUNDINAMARCA",0,0.585736
"PANDI","CUNDINAMARCA",1,0.618596
"PARATEBUENO","CUNDINAMARCA",3,0.635023
"PASCA","CUNDINAMARCA",7,0.629175
"PUERTO_SALGAR","CUNDINAMARCA",0,0.669536
"PULI","CUNDINAMARCA",8,0.625043
"QUEBRADANEGRA","CUNDINAMARCA",2,0.597834
"QUETAME","CUNDINAMARCA",1,0.620023
"QUIPILE","CUNDINAMARCA",3,0.59543
"APULO","CUNDINAMARCA",0,0.615479
"RICAURTE","CUNDINAMARCA",2,0.729293
"SAN_ANTONIO_DEL_TEQUENDAMA","CUNDINAMARCA",2,0.648293
"SAN_BERNARDO","CUNDINAMARCA",11,0.604382
"SAN_CAYETANO","CUNDINAMARCA",0,0.626766
"SAN_FRANCISCO","CUNDINAMARCA",0,0.597903
"SAN_JUAN_DE_RIOSECO","CUNDINAMARCA",14,0.611182
"SASAIMA","CUNDINAMARCA",2,0.651255
"SESQUILE","CUNDINAMARCA",2,0.669255
"SIBATE","CUNDINAMARCA",2,0.699961
"SILVANIA","CUNDINAMARCA",6,0.625284
"SIMIJACA","CUNDINAMARCA",0,0.647504
"SOACHA","CUNDINAMARCA",2,0.64095
"SOPO","CUNDINAMARCA",0,0.762925
"SUBACHOQUE","CUNDINAMARCA",0,0.680643
"SUESCA","CUNDINAMARCA",0,0.644125
"SUPATA","CUNDINAMARCA",2,0.596374
"SUSA","CUNDINAMARCA",0,0.645381
"SUTATAUSA","CUNDINAMARCA",0,0.636194
"TABIO","CUNDINAMARCA",0,0.654661
"TAUSA","CUNDINAMARCA",1,0.633566
"TENA","CUNDINAMARCA",0,0.644976
"VENECIA","CUNDINAMARCA",0,0.607191
"TENJO","CUNDINAMARCA",0,0.751441
"TIBACUY","CUNDINAMARCA",2,0.625976
"TIBIRITA","CUNDINAMARCA",0,0.615558
"TOCAIMA","CUNDINAMARCA",16,0.635449
"TOCANCIPA","CUNDINAMARCA",0,0.916961
"TOPAIPI","CUNDINAMARCA",0,0.566825
"UBALA","CUNDINAMARCA",2,0.621352
"UBAQUE","CUNDINAMARCA",0,0.617599
"UNE","CUNDINAMARCA",4,0.630846
"UTICA","CUNDINAMARCA",12,0.634996
"VERGARA","CUNDINAMARCA",4,0.599024
"VIANI","CUNDINAMARCA",2,0.612038
"VILLA_DE_SAN_DIEGO_DE_UBATE","CUNDINAMARCA",2,0.642818
"VILLAGOMEZ","CUNDINAMARCA",2,0.596371
"VILLAPINZON","CUNDINAMARCA",5,0.627154
"VILLETA","CUNDINAMARCA",14,0.646115
"VIOTA","CUNDINAMARCA",7,0.595446
"YACOPI","CUNDINAMARCA",2,0.558662
"ZIPACON","CUNDINAMARCA",0,0.648503
"ZIPAQUIRA","CUNDINAMARCA",0,0.673019
"QUIBDO","CHOCO",56,0.612686
"ACANDI","CHOCO",3,0.597124
"BAGADO","CHOCO",15,0.41201
"BAHIA_SOLANO","CHOCO",15,0.621845
"BOJAYA","CHOCO",15,0.565547
"BAJO_BAUDO","CHOCO",15,0.537708
"CARMEN_DEL_DARIEN","CHOCO",0,0.473713
"EL LITORAL DEL SAN JUAN","CHOCO",3,0.567679
"EL_CANTON_DEL_SAN_PABLO","CHOCO",3,0.504519
"CERTEGUI","CHOCO",2,0.564024
"CONDOTO","CHOCO",7,0.598158
"EL CARMEN DE ATRATO","CHOCO",49,0.852175
"ISTMINA","CHOCO",5,0.584318
"ATRATO","CHOCO",2,0.529035
"JURADO","CHOCO",2,0.715507
"LLORO","CHOCO",21,0.544202
"MEDIO_ATRATO","CHOCO",12,0.521544
"MEDIO_SAN_JUAN","CHOCO",3,0.55418
"MEDIO_BAUDO","CHOCO",3,0.553196
"ALTO_BAUDO","CHOCO",3,0.44869
"NOVITA","CHOCO",26,0.481915
"NUQUI","CHOCO",0,0.592305
"RIO_IRO","CHOCO",1,0.526094
"RIO_QUITO","CHOCO",2,0.559318
"RIOSUCIO","CHOCO",14,0.618127
"SAN_JOSE_DEL_PALMAR","CHOCO",15,0.563931
"SIPI","CHOCO",3,0.60754
"TADO","CHOCO",41,0.593483
"UNGUIA","CHOCO",16,0.575477
"UNION_PANAMERICANA","CHOCO",6,0.558007
"NEIVA","HUILA",76,0.663513
"ACEVEDO","HUILA",26,0.589853
"AGRADO","HUILA",1,0.610217
"AIPE","HUILA",26,0.600057
"ALGECIRAS","HUILA",104,0.58293
"ALTAMIRA","HUILA",1,0.639332
"BARAYA","HUILA",41,0.623833
"CAMPOALEGRE","HUILA",11,0.61418
"COLOMBIA","HUILA",69,0.570108
"ELIAS","HUILA",0,0.606324
"GARZON","HUILA",6,0.605701
"GIGANTE","HUILA",29,0.603205
"GUADALUPE","HUILA",8,0.613361
"LA_GUADALUPE","GUAINIA",8,0.627123
"HOBO","HUILA",2,0.589091
"IQUIRA","HUILA",6,0.584081
"ISNOS","HUILA",32,0.588833
"LA_ARGENTINA","HUILA",11,0.59991
"LA_PLATA","HUILA",31,0.598698
"NATAGA","HUILA",2,0.608454
"OPORAPA","HUILA",3,0.583233
"PAICOL","HUILA",0,0.612679
"PALERMO","HUILA",7,0.612201
"PALESTINA","HUILA",3,0.61293
"PITAL","HUILA",0,0.598022
"PITALITO","HUILA",23,0.615437
"RIVERA","HUILA",2,0.616263
"SALADOBLANCO","HUILA",4,0.58447
"SAN_AGUSTIN","HUILA",45,0.596045
"SANTA_MARIA","HUILA",10,0.620363
"SUAZA","HUILA",6,0.595049
"TARQUI","HUILA",3,0.594347
"TESALIA","HUILA",6,0.618654
"TELLO","HUILA",34,0.585438
"TERUEL","HUILA",4,0.584074
"TIMANA","HUILA",6,0.606577
"VILLAVIEJA","HUILA",4,0.611836
"YAGUARA","HUILA",1,0.684258
"RIOHACHA","LA_GUAJIRA",30,0.607303
"ALBANIA","LA_GUAJIRA",7,0.614824
"BARRANCAS","LA_GUAJIRA",13,0.606323
"DIBULLA","LA_GUAJIRA",75,0.528214
"DISTRACCION","LA_GUAJIRA",2,0.556889
"EL_MOLINO","LA_GUAJIRA",15,0.577157
"FONSECA","LA_GUAJIRA",17,0.592078
"HATONUEVO","LA_GUAJIRA",5,0.563174
"LA_JAGUA_DEL_PILAR","LA_GUAJIRA",11,0.576756
"MAICAO","LA_GUAJIRA",37,0.577426
"MANAURE","LA_GUAJIRA",7,0.530061
"SAN_JUAN_DEL_CESAR","LA_GUAJIRA",52,0.589394
"URIBIA","LA_GUAJIRA",8,0.41596
"URUMITA","LA_GUAJIRA",12,0.552793
"VILLANUEVA","LA_GUAJIRA",34,0.600721
"SANTA_MARTA","MAGDALENA",0,0.652966
"ALGARROBO","MAGDALENA",0,0.574541
"ARIGUANI","MAGDALENA",46,0.572634
"ARACATACA","MAGDALENA",46,0.578117
"CERRO_DE_SAN_ANTONIO","MAGDALENA",0,0.558974
"CHIVOLO","MAGDALENA",9,0.56428
"CIENAGA","MAGDALENA",119,0.611612
"CONCORDIA","MAGDALENA",0,0.568425
"EL_BANCO","MAGDALENA",0,0.584894
"EL_PINON","MAGDALENA",0,0.568231
"EL_RETEN","MAGDALENA",1,0.582691
"FUNDACION","MAGDALENA",79,0.598468
"ZAPAYAN","MAGDALENA",0,0.561794
"GUAMAL","MAGDALENA",0,0.61825
"PEDRAZA","MAGDALENA",0,0.56712
"NUEVA_GRANADA","MAGDALENA",0,0.55461
"PIJINO_DEL_CARMEN","MAGDALENA",0,0.58763
"PIVIJAY","MAGDALENA",1,0.573843
"PLATO","MAGDALENA",22,0.559179
"PUEBLOVIEJO","MAGDALENA",0,0.552991
"REMOLINO","MAGDALENA",0,0.563046
"SALAMINA","MAGDALENA",19,0.591633
"SAN_SEBASTIAN_DE_MARIQUITA","TOLIMA",0,0.622875
"SAN_SEBASTIAN_DE_BUENAVISTA","MAGDALENA",0,0.591175
"SAN_ZENON","MAGDALENA",0,0.568003
"SABANAS_DE_SAN_ANGEL","MAGDALENA",0,0.52715
"ZONA_BANANERA","MAGDALENA",0,0.585873
"SANTA_ANA","MAGDALENA",0,0.582331
"SANTA_BARBARA_DE_PINTO","MAGDALENA",0,0.576292
"SITIONUEVO","MAGDALENA",0,0.547056
"TENERIFE","MAGDALENA",7,0.569081
"VILLAVICENCIO","META",27,0.668111
"ACACIAS","META",24,0.645853
"BARRANCA_DE_UPIA","META",0,0.671757
"CABUYARO","META",0,0.696997
"CASTILLA_LA_NUEVA","META",2,0.720948
"CUBARRAL","META",19,0.62365
"CUMARAL","META",8,0.658924
"EL_CALVARIO","META",13,0.616224
"EL_CASTILLO","META",85,0.609478
"EL_DORADO","META",11,0.626902
"FUENTE_DE_ORO","META",3,0.62849
"GRANADA","META",15,0.638388
"GUAMAL","META",10,0.61825
"MAPIRIPAN","META",114,0.538318
"MESETAS","META",275,0.608707
"LA_MACARENA","META",342,0.618389
"URIBE","META",405,0.565538
"LEJANIAS","META",99,0.604708
"PUERTO_CONCORDIA","META",43,0.555326
"PUERTO_GAITAN","META",16,0.600249
"PUERTO_LOPEZ","META",3,0.653745
"PUERTO_LERAS","META",57,0.58703
"PUERTO_RICO","META",311,0.599375
"RESTREPO","META",8,0.639717
"SAN_CARLOS_DE_GUAROA","META",0,0.693212
"SAN_JUAN_DE_ARAMA","META",54,0.614054
"SAN_JUANITO","META",17,0.604759
"SAN_MARTIN","META",196,0.60934
"VISTAHERMOSA","META",498,0.589439
"ALDANA","NARINO",1,0.61591
"MALLAMA","NARINO",1,0.58868
"ALBAN","NARINO",1,0.60849
"ANCUYA","NARINO",1,0.594671
"BARBACOAS","NARINO",74,0.567841
"BELEN","NARINO",1,0.624029
"COLON","NARINO",1,0.613814
"ARBOLEDA","NARINO",1,0.556254
"BUESACO","NARINO",3,0.582019
"CUASPUD","NARINO",3,0.593565
"CONSACA","NARINO",0,0.584441
"CONTADERO","NARINO",0,0.617679
"CORDOBA","NARINO",4,0.588856
"ROBERTO_PAYAN","NARINO",4,0.516155
"CUMBAL","NARINO",24,0.588256
"CUMBITARA","NARINO",13,0.584114
"CHACHAGUI","NARINO",1,0.607091
"EL_CHARCO","NARINO",18,0.522201
"EL_PENOL","NARINO",0,0.587519
"EL_ROSARIO","NARINO",11,0.564334
"EL_TABLON_DE_GOMEZ","NARINO",11,0.606519
"EL_TAMBO","NARINO",3,0.584398
"FUNES","NARINO",1,0.572416
"GUACHUCAL","NARINO",1,0.596639
"GUAITARILLA","NARINO",1,0.605052
"GUALMATAN","NARINO",0,0.614545
"ILES","NARINO",0,0.603478
"IMUES","NARINO",1,0.635999
"IPIALES","NARINO",62,0.635505
"LA_CRUZ","NARINO",13,0.579458
"SANTACRUZ","NARINO",13,0.592041
"LA_FLORIDA","NARINO",1,0.591752
"LA_LLANADA","NARINO",7,0.602796
"PASTO","NARINO",2,0.655487
"LA_TOLA","NARINO",2,0.586295
"LA_UNION","NARINO",1,0.616141
"LEIVA","NARINO",9,0.565731
"LINARES","NARINO",1,0.58014
"LOS_ANDES","NARINO",1,0.587363
"MOSQUERA","NARINO",1,0.648572
"NARINO","NARINO",2,0.608869
"OLAYA_HERRERA","NARINO",3,0.531234
"OSPINA","NARINO",1,0.603665
"FRANCISCO_PIZARRO","NARINO",0,0.566298
"POLICARPA","NARINO",45,0.584848
"POTOSI","NARINO",7,0.598024
"PROVIDENCIA","NARINO",1,0.606951
"PUERRES","NARINO",7,0.631144
"PUPIALES","NARINO",0,0.615111
"RICAURTE","NARINO",73,0.729293
"SAMANIEGO","NARINO",39,0.586692
"SANDONA","NARINO",1,0.591235
"SAN_BERNARDO","NARINO",0,0.604382
"SANTA_BARBARA","NARINO",0,0.59621
"SAN_LORENZO","NARINO",0,0.588292
"SAN_PABLO","NARINO",16,0.580285
"SAN_PEDRO_DE_CARTAGO","NARINO",0,0.584394
"SAN_ANDRES_DE_TUMACO","NARINO",0,0.595003
"SAPUYES","NARINO",0,0.604949
"TAMINANGO","NARINO",3,0.588578
"MAGUI","NARINO",5,0.551783
"TANGUA","NARINO",5,0.590339
"TUQUERRES","NARINO",3,0.606094
"YACUANQUER","NARINO",2,0.595001
"CUCUTA","NORTE_DE_SANTANDER",19,0.655078
"ABREGO","NORTE_DE_SANTANDER",16,0.553445
"ARBOLEDAS","NORTE_DE_SANTANDER",26,0.5939
"BOCHALEMA","NORTE_DE_SANTANDER",4,0.615533
"BUCARASICA","NORTE_DE_SANTANDER",23,0.560116
"CACOTA","NORTE_DE_SANTANDER",0,0.617621
"CACHIRA","NORTE_DE_SANTANDER",2,0.5843
"CHINACOTA","NORTE_DE_SANTANDER",0,0.618672
"CHITAGA","NORTE_DE_SANTANDER",29,0.592807
"CONVENCION","NORTE_DE_SANTANDER",39,0.548892
"CONVENCION","NORTE_DE_SANTANDER",39,0.548892
"CUCUTILLA","NORTE_DE_SANTANDER",12,0.580499
"DURANIA","NORTE_DE_SANTANDER",11,0.598695
"EL_CARMEN","NORTE_DE_SANTANDER",36,0.852175
"EL_CARMEN","NORTE_DE_SANTANDER",36,0.852175
"EL_TARRA","NORTE_DE_SANTANDER",100,0.520477
"EL_ZULIA","NORTE_DE_SANTANDER",7,0.591241
"GRAMALOTE","NORTE_DE_SANTANDER",0,0.608871
"HACARI","NORTE_DE_SANTANDER",58,0.518554
"HERRAN","NORTE_DE_SANTANDER",12,0.605337
"LABATECA","NORTE_DE_SANTANDER",2,0.597599
"LA_ESPERANZA","NORTE_DE_SANTANDER",1,0.578641
"LA_PLAYA","NORTE_DE_SANTANDER",9,0.533768
"LOS_PATIOS","NORTE_DE_SANTANDER",3,0.63611
"LOURDES","NORTE_DE_SANTANDER",0,0.589068
"MUTISCUA","NORTE_DE_SANTANDER",0,0.625393
"OCANA","NORTE_DE_SANTANDER",26,0.602001
"PAMPLONA","NORTE_DE_SANTANDER",4,0.660191
"PAMPLONITA","NORTE_DE_SANTANDER",2,0.608258
"PUERTO_SANTANDER","NORTE_DE_SANTANDER",4,0.578538
"RAGONVALIA","NORTE_DE_SANTANDER",7,0.60606
"SALAZAR","NORTE_DE_SANTANDER",65,0.591189
"SAN_CALIXTO","NORTE_DE_SANTANDER",3,0.522143
"SAN_CAYETANO","NORTE_DE_SANTANDER",3,0.626766
"SANTIAGO","NORTE_DE_SANTANDER",39,0.597051
"SARDINATA","NORTE_DE_SANTANDER",3,0.572297
"SILOS","NORTE_DE_SANTANDER",5,0.588796
"TEORAMA","NORTE_DE_SANTANDER",99,0.527955
"TEORAMA","NORTE_DE_SANTANDER",99,0.527955
"TIBU","NORTE_DE_SANTANDER",149,0.560586
"TIBU","NORTE_DE_SANTANDER",149,0.560586
"TOLEDO","NORTE_DE_SANTANDER",35,0.622289
"VILLA_CARO","NORTE_DE_SANTANDER",4,0.562283
"VILLA_DEL_ROSARIO","NORTE_DE_SANTANDER",5,0.626156
"ARMENIA","QUINDIO",2,0.620961
"BUENAVISTA","QUINDIO",3,0.606004
"CALARCA","QUINDIO",23,0.63234
"CIRCASIA","QUINDIO",0,0.640439
"CORDOBA","QUINDIO",13,0.588856
"FILANDIA","QUINDIO",2,0.627751
"GENOVA","QUINDIO",17,0.615964
"LA_TEBAIDA","QUINDIO",0,0.618158
"MONTENEGRO","QUINDIO",0,0.615156
"PIJAO","QUINDIO",22,0.622443
"QUIMBAYA","QUINDIO",1,0.623883
"SALENTO","QUINDIO",16,0.65255
"PEREIRA","RISARALDA",13,0.691175
"APIA","RISARALDA",8,0.634043
"BALBOA","RISARALDA",1,0.612115
"BELEN_DE_UMBRIA","RISARALDA",17,0.608638
"DOSQUEBRADAS","RISARALDA",0,0.658612
"GUATICA","RISARALDA",10,0.609113
"LA_CELIA","RISARALDA",5,0.612054
"LA_VIRGINIA","RISARALDA",1,0.610603
"MARSELLA","RISARALDA",0,0.610079
"MISTRATO","RISARALDA",37,0.56756
"PUEBLO_RICO","RISARALDA",29,0.526571
"QUINCHIA","RISARALDA",16,0.598782
"SANTA_ROSA_DE_CABAL","RISARALDA",4,0.629822
"SANTUARIO","RISARALDA",10,1
"BUCARAMANGA","SANTANDER",9,0.686717
"AGUADA","SANTANDER",0,0.568489
"ALBANIA","SANTANDER",1,0.614824
"ARATOCA","SANTANDER",0,0.591093
"BARBOSA","SANTANDER",0,0.650218
"BARICHARA","SANTANDER",1,0.629047
"BARRANCABERMEJA","SANTANDER",28,0.885263
"BETULIA","SANTANDER",6,0.61895
"BOLIVAR","SANTANDER",13,0.782062
"CABRERA","SANTANDER",0,0.614198
"CALIFORNIA","SANTANDER",3,0.645629
"CAPITANEJO","SANTANDER",1,0.617796
"CARCASI","SANTANDER",0,0.602394
"CEPITA","SANTANDER",4,0.581732
"CERRITO","SANTANDER",7,0.614326
"CHARALA","SANTANDER",0,0.622765
"CHARTA","SANTANDER",11,0.605278
"CHIMA","SANTANDER",6,0.595507
"CHIPATA","SANTANDER",0,0.595621
"CIMITARRA","SANTANDER",15,0.636339
"CONCEPCION","SANTANDER",5,0.613112
"CONFINES","SANTANDER",0,0.623159
"CONTRATACION","SANTANDER",0,0.612505
"COROMORO","SANTANDER",5,0.602259
"CURITI","SANTANDER",1,0.60045
"EL_CARMEN_DE_CHUCURI","SANTANDER",1,0.608823
"EL_GUACAMAYO","SANTANDER",0,0.600515
"EL_PENON","SANTANDER",9,0.567257
"EL_PLAYON","SANTANDER",22,0.588189
"ENCINO","SANTANDER",1,0.628593
"ENCISO","SANTANDER",0,0.615835
"FLORIAN","SANTANDER",2,0.584789
"FLORIDABLANCA","SANTANDER",3,0.65851
"GALAN","SANTANDER",5,0.617514
"GAMBITA","SANTANDER",0,0.585903
"GIRON","SANTANDER",0,0.645007
"GUACA","SANTANDER",0,0.616575
"GUADALUPE","SANTANDER",0,0.613361
"GUAPOTA","SANTANDER",2,0.650885
"GUAVATA","SANTANDER",0,0.592327
"GUEPSA","SANTANDER",4,0.607619
"HATO","SANTANDER",2,0.601506
"JESUS_MARIA","SANTANDER",2,0.607523
"JORDAN","SANTANDER",2,0.560867
"LA_BELLEZA","SANTANDER",3,0.594538
"LANDAZURI","SANTANDER",20,0.569234
"LA_PAZ","SANTANDER",1,0.595321
"LEBRIJA","SANTANDER",15,0.625361
"LOS_SANTOS","SANTANDER",0,0.599656
"MACARAVITA","SANTANDER",0,0.590844
"MALAGA","SANTANDER",1,0.649539
"MATANZA","SANTANDER",19,0.606663
"MOGOTES","SANTANDER",0,0.603749
"MOLAGAVITA","SANTANDER",1,0.615226
"OCAMONTE","SANTANDER",0,0.595574
"OIBA","SANTANDER",0,0.618246
"ONZAGA","SANTANDER",5,0.597748
"PALMAR","SANTANDER",0,0.623006
"PALMAS_DEL_SOCORRO","SANTANDER",1,0.601047
"PARAMO","SANTANDER",0,0.627049
"PIEDECUESTA","SANTANDER",5,0.643136
"PINCHOTE","SANTANDER",0,0.631497
"PUENTE_NACIONAL","SANTANDER",2,0.627943
"PUERTO_PARRA","SANTANDER",6,0.596347
"PUERTO_WILCHES","SANTANDER",3,0.614836
"RIONEGRO","SANTANDER",18,0.677653
"SABANA_DE_TORRES","SANTANDER",37,0.6176
"SAN_ANDRES","SANTANDER",3,0.626537
"SAN_ANDRES","ARCHIPIELAGO_DE_SAN_ANDRES_Y_PROVIDENCIA",3,0.626537
"SAN_BENITO","SANTANDER",1,0.60041
"SAN_GIL","SANTANDER",1,0.659844
"SAN_JOAQUIN","SANTANDER",0,0.571988
"SAN_MIGUEL","SANTANDER",0,0.598811
"SAN_JOSE_DE_MIRANDA","SANTANDER",0,0.620736
"SAN_VICENTE_DE_CHUCURI","SANTANDER",8,0.613069
"SANTA_BARBARA","SANTANDER",1,0.59621
"SANTA_HELENA_DEL_OPON","SANTANDER",0,0.562881
"SIMACOTA","SANTANDER",8,0.585973
"SOCORRO","SANTANDER",2,0.657665
"SUAITA","SANTANDER",0,0.609481
"SUCRE","SANTANDER",8,0.572298
"SURATA","SANTANDER",33,0.611562
"TONA","SANTANDER",4,0.590495
"VALLE_DE_SAN_JOSE","SANTANDER",0,0.617114
"VELEZ","SANTANDER",4,0.591718
"VETAS","SANTANDER",0,0.629561
"VILLANUEVA","SANTANDER",0,0.600721
"ZAPATOCA","SANTANDER",11,0.61895
"SINCELEJO","SUCRE",5,0.633006
"BUENAVISTA","SUCRE",1,0.606004
"CAIMITO","SUCRE",0,0.551167
"COLOSO","SUCRE",8,0.580562
"COROZAL","SUCRE",8,0.60627
"COVENAS","SUCRE",0,0.660642
"GALERAS","SUCRE",0,0.598185
"CHALAN","SUCRE",19,0.558239
"EL_ROBLE","SUCRE",27,0.560261
"GUARANDA","SUCRE",1,0.580066
"LA_UNION","SUCRE",0,0.616141
"LOS_PALMITOS","SUCRE",19,0.592831
"MAJAGUAL","SUCRE",5,0.571763
"MORROA","SUCRE",9,0.590136
"OVEJAS","SUCRE",68,0.573322
"PALMITO","SUCRE",3,0.561712
"SAMPUES","SUCRE",1,0.578994
"SAN_LUIS_DE_SINCE","SUCRE",1,0.599325
"SAN_BENITO_ABAD","SUCRE",24,0.553203
"SAN_JUAN_DE_BETULIA","SUCRE",16,0.598698
"SAN_MARCOS","SUCRE",6,0.580333
"SANTIAGO_DE_TOLU","SUCRE",6,0.604385
"SAN_ONOFRE","SUCRE",0,0.562993
"SAN_PEDRO","SUCRE",7,0.942123
"SUCRE","SUCRE",3,0.572298
"TOLU_VIEJO","SUCRE",8,0.615487
"IBAGUE","TOLIMA",94,0.666797
"ALPUJARRA","TOLIMA",4,0.619985
"ALVARADO","TOLIMA",13,0.604291
"AMBALEMA","TOLIMA",0,0.621642
"ANZOATEGUI","TOLIMA",3,0.572783
"ARMERO_GUAYABAL","TOLIMA",28,0.62382
"ATACO","TOLIMA",49,0.583594
"CAJAMARCA","TOLIMA",0,0.593882
"CARMEN_DE_APICALA","TOLIMA",37,0.668019
"CASABIANCA","TOLIMA",1,0.570683
"CHAPARRAL","TOLIMA",2,0.592092
"COELLO","TOLIMA",129,0.608694
"COYAIMA","TOLIMA",5,0.581994
"CUNDAY","TOLIMA",12,0.601914
"DOLORES","TOLIMA",19,0.592683
"ESPINAL","TOLIMA",41,0.625125
"FALAN","TOLIMA",0,0.595295
"FLANDES","TOLIMA",5,0.631642
"FRESNO","TOLIMA",0,0.58865
"GUAMO","TOLIMA",0,0.624216
"HERVEO","TOLIMA",10,0.586932
"HONDA","TOLIMA",1,0.634703
"ICONONZO","TOLIMA",6,0.613026
"LERIDA","TOLIMA",5,0.615651
"LIBANO","TOLIMA",40,0.600903
"MELGAR","TOLIMA",0,0.706156
"MURILLO","TOLIMA",25,0.592371
"NATAGAIMA","TOLIMA",18,0.601375
"ORTEGA","TOLIMA",35,0.592235
"PALOCABILDO","TOLIMA",2,0.575937
"PIEDRAS","TOLIMA",0,0.637396
"PLANADAS","TOLIMA",163,0.577485
"PRADO","TOLIMA",12,0.622993
"PURIFICACION","TOLIMA",3,0.622911
"RIOBLANCO","TOLIMA",63,0.561482
"RONCESVALLES","TOLIMA",18,0.60018
"ROVIRA","TOLIMA",47,0.578966
"SALDANA","TOLIMA",1,0.645024
"SAN_ANTONIO","TOLIMA",43,0.593201
"SAN_LUIS","TOLIMA",3,0.600337
"SANTA_ISABEL","TOLIMA",25,0.584863
"SUAREZ","TOLIMA",24,0.603153
"VALLE_DE_SAN_JUAN","TOLIMA",0,0.584384
"VENADILLO","TOLIMA",16,0.60018
"VILLAHERMOSA","TOLIMA",17,0.588916
"VILLARRICA","TOLIMA",15,0.608504
"CALI","VALLE_DEL_CAUCA",48,0.723884
"CALIMA","VALLE_DEL_CAUCA",48,0.664148
"ALCALA","VALLE_DEL_CAUCA",0,0.603665
"ANDALUCIA","VALLE_DEL_CAUCA",0,0.640331
"ANSERMANUEVO","VALLE_DEL_CAUCA",0,0.593126
"ARGELIA","VALLE_DEL_CAUCA",2,0.588541
"BOLIVAR","VALLE_DEL_CAUCA",4,0.782062
"BUENAVENTURA","VALLE_DEL_CAUCA",28,0.649948
"GUADALAJARA_DE_BUGA","VALLE_DEL_CAUCA",12,0.6901
"BUGALAGRANDE","VALLE_DEL_CAUCA",12,0.688861
"CAICEDONIA","VALLE_DEL_CAUCA",0,0.628994
"CANDELARIA","VALLE_DEL_CAUCA",0,0.617363
"CARTAGO","VALLE_DEL_CAUCA",1,0.646055
"DAGUA","VALLE_DEL_CAUCA",48,0.630273
"ELA_AGUILA","VALLE_DEL_CAUCA",6,0.598483
"EL_CAIRO","VALLE_DEL_CAUCA",4,0.588373
"EL_CERRITO","VALLE_DEL_CAUCA",6,0.683605
"EL_DOVIO","VALLE_DEL_CAUCA",6,0.607394
"FLORIDA","VALLE_DEL_CAUCA",69,0.641784
"GINEBRA","VALLE_DEL_CAUCA",6,0.645273
"GUACARI","VALLE_DEL_CAUCA",89,0.647148
"JAMUNDI","VALLE_DEL_CAUCA",34,0.670307
"LA_UNION","VALLE_DEL_CAUCA",0,0.616141
"LA_VICTORIA","VALLE_DEL_CAUCA",1,0.412454
"OBANDO","VALLE_DEL_CAUCA",0,0.629656
"PALMIRA","VALLE_DEL_CAUCA",29,0.708917
"PRADERA","VALLE_DEL_CAUCA",35,0.63592
"RESTREPO","VALLE_DEL_CAUCA",1,0.639717
"RIOFRIO","VALLE_DEL_CAUCA",6,0.638532
"ROLDANILLO","VALLE_DEL_CAUCA",1,0.645585
"SAN_PEDRO","VALLE_DEL_CAUCA",17,0.942123
"LA_CUMBRE","VALLE_DEL_CAUCA",0,0.630121
"SEVILLA","VALLE_DEL_CAUCA",3,0.6273
"TORO","VALLE_DEL_CAUCA",0,0.617772
"TRUJILLO","VALLE_DEL_CAUCA",3,0.603081
"TULUA","VALLE_DEL_CAUCA",53,0.583193
"ULLOA","VALLE_DEL_CAUCA",0,0.623841
"VERSALLES","VALLE_DEL_CAUCA",0,0.616386
"VIJES","VALLE_DEL_CAUCA",0,0.619698
"YOTOCO","VALLE_DEL_CAUCA",0,0.641356
"YUMBO","VALLE_DEL_CAUCA",4,0.930632
"ZARZAL","VALLE_DEL_CAUCA",0,0.693031
"ARAUCA","ARAUCA",48,0.648957
"ARAUQUITA","ARAUCA",287,0.610067
"CRAVO NORTE","ARAUCA",14,0.584519
"FORTUL","ARAUCA",87,0.616128
"PUERTO_RONDON","ARAUCA",20,0.609416
"SARAVENA","ARAUCA",123,0.602632
"TAME","ARAUCA",428,0.619682
"YOPAL","CASANARE",28,0.666121
"AGUAZUL","CASANARE",81,0.681283
"CHAMEZA","CASANARE",18,0.606896
"HATO_COROZAL","CASANARE",40,0.601205
"LA_SALINA","CASANARE",10,0.608651
"MANI","CASANARE",12,0.669468
"MONTERREY","CASANARE",0,0.65795
"NUNCHIA","CASANARE",20,0.659125
"OROCUE","CASANARE",2,0.605301
"PAZ_DE_ARIPORO","CASANARE",36,0.616889
"PORE","CASANARE",15,0.620162
"RECETOR","CASANARE",14,0.625208
"SABANALARGA","CASANARE",2,0.615623
"SACAMA","CASANARE",28,0.593641
"SAN_LUIS_DE_PALENQUE","CASANARE",1,0.629356
"TAMARA","CASANARE",48,0.597975
"TAURAMENA","CASANARE",17,0.745126
"TRINIDAD","CASANARE",5,0.626111
"VILLANUEVA","CASANARE",0,0.600721
"MOCOA","PUTUMAYO",36,0.63622
"COLON","PUTUMAYO",58,0.582577
"ORITO","PUTUMAYO",24,0.62003
"PUERTO_ASIS","PUTUMAYO",64,0.615361
"PUERTO_CAICEDO","PUTUMAYO",146,0.58543
"PUERTO_GUZMAN","PUTUMAYO",138,0.568926
"PUERTO_LEGUIZAMO","PUTUMAYO",1,0.604045
"SIBUNDOY","PUTUMAYO",2,0.612325
"SAN_FRANCISCO","PUTUMAYO",3,0.597903
"SAN_MIGUEL","PUTUMAYO",61,0.598811
"SANTIAGO","PUTUMAYO",5,0.597051
"VALLE_DEL_GUAMUEZ","PUTUMAYO",84,0.599912
"VILLAGARZON","PUTUMAYO",43,0.574032
"PROVIDENCIA","ARCHIPIELAGO_DE_SAN_ANDRES_Y_PROVIDENCIA",1,0.606951
"LA_CHORRERA","AMAZONAS",2,0.617005
"EL ENCANTO","AMAZONAS",2,0.617005
"LA_PEDRERA","AMAZONAS",2,0.617005
"TARAPACA","AMAZONAS",2,0.617005
"LETICIA","AMAZONAS",2,0.658624
"LA_VICTORIA","AMAZONAS",2,0.412454
"MIRITI_-_PARANA","AMAZONAS",0,0.617005
"PUERTO_NARINO","AMAZONAS",0,0.594575
"PUERTO_SANTANDER","AMAZONAS",0,0.617005
"PUERTO_ALEGRIA","AMAZONAS",0,0.617005
"PUERTO_ARICA","AMAZONAS",0,0.617005
"INIRIDA","GUAINIA",42,0.59798
"MAPIRIPANA","GUAINIA",42,0.617005
"SAN FELIPE","GUAINIA",42,0.617005
"BARRANCO MINAS","GUAINIA",42,0.617005
"PANA PANA","GUAINIA",42,0.617005
"CACAHUAL","GUAINIA",42,0.617005
"MORICHAL","GUAINIA",42,0.617005
"SAN_JOSE_DEL_GUAVIARE","GUAVIARE",213,0.631775
"CALAMAR","GUAVIARE",115,0.58894
"EL_RETORNO","GUAVIARE",60,0.566744
"MIRAFLORES","GUAVIARE",68,0.607505
"MITU","VAUPES",21,0.630179
"CARURU","VAUPES",23,0.629618
"PAPUNAUA","VAUPES",23,0.617005
"YAVARATE","VAUPES",1,0.617005
"TARAIRA","VAUPES",1,0.849763
"PUERTO_CARRENO","VICHADA",4,0.614989
"LA_PRIMAVERA","VICHADA",5,0.595389
"SANTA_ROSALIA","VICHADA",1,0.576854
"CUMARIBO","VICHADA",0,0.542568
